source_id,title,publisher,url,pub_date,last_verified,type,status,status_display,note,archived_url
S001,"Sen. Blumenthal remarks, SVAC hearing (15,000+ figure)",U.S. Senate Veterans' Affairs Committee,https://www.veterans.senate.gov/2026/5/review-of-the-fiscal-year-2027-budget-and-2028-advance-appropriations-requests-for-the-department-of-veterans-affairs,2026-05-20,2026-07-22,hearing record,verified,verified,"Source for the 15,000+ figure (SVAC 5/20/26)",https://web.archive.org/web/20260608055206/https://www.veterans.senate.gov/2026/5/review-of-the-fiscal-year-2027-budget-and-2028-advance-appropriations-requests-for-the-department-of-veterans-affairs
S002,NPR VA foreclosure investigation (Arnold/Lawrence),NPR,https://www.npr.org/2026/04/02/nx-s1-5750814/veterans-mortgages-foreclosure-va-rescue,2026-04-02,2026-07-15,news,verified,verified,"90,000+ behind via ICE data",https://web.archive.org/web/20260715210434/https://www.npr.org/2026/04/02/nx-s1-5750814/veterans-mortgages-foreclosure-va-rescue
S003,NCLC analysis to HVAC EO Subcommittee (Cohen),National Consumer Law Center,https://www.nclc.org/wp-content/uploads/2026/03/HHRG-119-VR10-Wstate-CohenA-20260326.pdf,2026-03-26,2026-07-15,testimony/analysis,verified,VERIFIED,"~31,500 in active foreclosure; ~$72,000 average foreclosure loss",https://web.archive.org/web/20260616181737/https://www.nclc.org/house-veterans-affairs-subcommittee-to-discuss-lowering-housing-costs-for-veteran-families/
S004,Foreclosure-loss analysis,Center for Responsible Lending,https://www.responsiblelending.org/research-publication/recommendations-implementing-cost-effective-va-loss-mitigation-program,2025-12-19,2026-07-15,analysis,verified,verified,"~$74,000 (~$73,750 per disposition)",https://web.archive.org/web/20260419022834/https://www.responsiblelending.org/research-publication/recommendations-implementing-cost-effective-va-loss-mitigation-program
S005,"CBO score, H. Rept. 119-104 Sec. 3",Congressional Budget Office / U.S. House,https://www.cbo.gov/publication/61402,2025,2026-07-22,official,verified,verified,$147M net savings over ten years; CBO projected $294M in avoided foreclosure-related payments. Report: https://www.govinfo.gov/content/pkg/CRPT-119hrpt104/html/CRPT-119hrpt104.htm,https://web.archive.org/web/20250918203543/https://www.cbo.gov/publication/61402
S006,VA Partial Claim final policy,U.S. Dept. of Veterans Affairs,https://www.knowva.ebenefits.va.gov/system/templates/selfservice/va_ssnew/help/customer/locale/en-US/portal/554400000001018/topic/554400000027319/Transmittal,2026-06-01,2026-07-15,agency policy,verified,verified,Final policy published 6/1; launch 6/15; servicer deadline Nov 28 2026,https://web.archive.org/web/20260821235554/https://www.knowva.ebenefits.va.gov/system/templates/selfservice/va_ssnew/help/customer/locale/en-US/portal/554400000001018/topic/554400000027319/Transmittal
S007,"VA program-launch press release (173,000 avoided foreclosure FY2025)",U.S. Dept. of Veterans Affairs,https://news.va.gov/press-room/va-launches-partial-claim-program-to-help-veterans-avoid-home-foreclosure/,2026-06-15,2026-07-25,agency claim,verified,verified,"Verifies that VA said it, not that 173,000 families kept their homes; no bucket breakdown published. Use as VA's claim only.",https://web.archive.org/web/20260801105604/https://news.va.gov/press-room/va-launches-partial-claim-program-to-help-veterans-avoid-home-foreclosure/
S008,REO / auction supply data,Auction.com,https://www.housingwire.com/articles/auction-com-q2-2025-foreclosure-auction-volume-va-loan-moratorium-expires/,2025-07,2026-07-15,industry data,verified,verified,VA ~75% of foreclosed homes to REO; +428% YoY auction supply,https://web.archive.org/web/20250825201115/https://www.housingwire.com/articles/auction-com-q2-2025-foreclosure-auction-volume-va-loan-moratorium-expires/
S009,'Foreclosure. Period.' warning (Balce),Mortgage Bankers Association,https://www.mpamag.com/us/news/general/va-strips-away-veterans-foreclosure-protection-advocates-push-for-immediate-fix/534295,2025-03,2026-07-15,industry statement,verified,verified,Foreseeability: VA warned before killing VASP,https://web.archive.org/web/20250723093746/https://www.mpamag.com/us/news/general/va-strips-away-veterans-foreclosure-protection-advocates-push-for-immediate-fix/534295
S010,"H.R. 1815, VA Home Loan Program Reform Act - Pub. L. 119-31",Congress.gov,https://www.congress.gov/bill/119th-congress/house-bill/1815,2025-07-30,2026-08-28,statute,verified,verified,"Permanent partial-claim authority + directed waterfall; signed 7/30/25 VOTE RECORD READ 2026-08-28 from this bill's congress.gov actions page, in a browser because congress.gov refuses scripted fetches. House 2025-05-19: “On motion to suspend the rules and pass the bill, as amended Agreed to by voice vote.” Senate 2025-07-15: “Passed Senate without amendment by Voice Vote”, its Veterans' Affairs Committee having been “discharged by Unanimous Consent”, which is the DISCHARGE and not the passage. NO ROLL CALL IN EITHER CHAMBER. The site previously said “unanimous in both chambers” and “Every Republican, every Democrat”; both were corrected 2026-08-28. A voice vote shows no recorded opposition, which is not the same as a counted unanimous vote.",https://web.archive.org/web/20260619113801/https://www.congress.gov/bill/119th-congress/house-bill/1815
S011,VASP program record,U.S. Dept. of Veterans Affairs,https://www.benefits.va.gov/HOMELOANS/documents/circulars/26-25-02.pdf,2024-05-31,2026-07-15,agency,verified,verified,VASP launched 5/31/24; killed effective 5/1/25 on ~8 days notice,https://web.archive.org/web/20260731233611/https://www.benefits.va.gov/HOMELOANS/documents/circulars/26-25-02.pdf
S012,Veteran Homelessness Programs: Opportunities to Improve Data Collection and Establish an Evaluation Plan (GAO-26-107517),U.S. Government Accountability Office,https://www.gao.gov/products/gao-26-107517,2026-03-30,2026-08-21,oversight,verified,verified,"174,045 eligible veterans un-referred to HUD-VASH 2020-2024; no documented reason for 87% (151,296); case-manager turnover 20-26%/yr. Released 3/30/26, PUBLIC. Title and publication date read 2026-08-21 from this row's own Wayback capture; gao.gov returns 403 to direct fetch.",https://web.archive.org/web/20260616181736/https://www.gao.gov/products/gao-26-107517
S013,M26-4 Chapter 22 (VA loss-mitigation / partial-claim policy),U.S. Dept. of Veterans Affairs,https://www.knowva.ebenefits.va.gov/system/templates/selfservice/va_ssnew/help/customer/locale/en-US/portal/554400000001018/content/554400000324998/VA-Manual-M26-4-Transmittal-Sheet-Change-14,2026-06,2026-07-15,agency manual,verified,verified,"Source for the VA-added gates (active-default, current-servicer, 3-month trial); confirm 25% vs 30% UPB cap + any rate cap | 2026-08-18: shares its KnowVA portal URL with S148. Not a duplicate - KnowVA serves the chapter and its transmittal sheet from one address. Do not merge.",https://web.archive.org/web/20260811220052/https://www.knowva.ebenefits.va.gov/system/templates/selfservice/va_ssnew/help/customer/locale/en-US/portal/554400000001018/content/554400000324998/VA-Manual-M26-4-Transmittal-Sheet-Change-14
S014,CARES Act forbearance provisions,U.S. Congress / federal agencies,https://www.congress.gov/bill/116th-congress/house-bill/748/text,2020,2026-07-15,statute,verified,verified,Universal forbearance; civilian-comparison lead argument,https://web.archive.org/web/20260709230718/https://www.congress.gov/bill/116th-congress/house-bill/748/text
S015,"Rep. Pappas + 27 colleagues (28 signers), foreclosure-moratorium letter",U.S. House (Rep. Chris Pappas),https://pappas.house.gov/media/press-releases/pappas-demands-va-establish-foreclosure-moratorium-for-veterans-put-at-risk-of-losing-their-homes,2026-05-26,2026-07-22,press release,verified,verified,"Letter text says 10,000+, predates the 15,000+ update",https://web.archive.org/web/20260809195549/https://pappas.house.gov/media/press-releases/pappas-demands-va-establish-foreclosure-moratorium-for-veterans-put-at-risk-of-losing-their-homes
S016,"NCLC + NFHA moratorium call, Takano-Pappas press conference",U.S. House Democrats (Veterans),https://democrats-veterans.house.gov/news/press-releases/takano-and-pappas-host-press-conference-on-trump-va-ending-program-protecting-veterans-from-foreclosure,2025-05-20,2026-07-22,press conference,verified,verified,NCLC and National Fair Housing Alliance called for the same foreclosure moratorium,https://web.archive.org/web/20260210070955/https://democrats-veterans.house.gov/news/press-releases/takano-and-pappas-host-press-conference-on-trump-va-ending-program-protecting-veterans-from-foreclosure
S017,Rising veteran homelessness / voucher-to-unit gap,National Coalition for Homeless Veterans,https://nchv.org/,not dated,2026-07-22,advocacy org,verified,verified,Veterans with vouchers still cannot find available/affordable units; veteran homelessness rising in most recent point-in-time count,https://web.archive.org/web/20260806045509/https://nchv.org/
S018,VA Homeless Programs FY25 budget breakdown (VA own),U.S. Dept. of Veterans Affairs,https://www.va.gov/HOMELESS/featuredarticles/Where-Does-the-Money-Go.asp,2025,2026-07-22,agency budget,verified,verified,$3.2B FY25 homeless-programs budget; ~26% (~$825M) prevention; GPD $320M; HCHV $283M. FY26 requested $3.46B + proposed $1.1B BRAVE,https://web.archive.org/web/20260226130148/https://www.va.gov/HOMELESS/featuredarticles/Where-Does-the-Money-Go.asp
S019,Pub. L. 119-37 §7307(e); 38 U.S.C. §3737(h) as amended,U.S. Congress / Cornell LII,https://www.law.cornell.edu/uscode/text/38/3737,2025-11,2026-07-22,statute,verified,verified,Nov 2025 expansion of Secretary's emergency authority; 139 Stat. 651,https://web.archive.org/web/20260809195628/https://www.law.cornell.edu/uscode/text/38/3737
S020,VASP behind/accepted figures,CNN,https://www.cnn.com/2025/04/30/politics/veterans-affairs-mortgage-rescue-program-phase-out,2025-04-30,2026-07-25,news,verified,verified,"~75,000 behind and ~17,000 accepted at VASP cancellation; ~8 days notice",https://web.archive.org/web/20250506041319/https://www.cnn.com/2025/04/30/politics/veterans-affairs-mortgage-rescue-program-phase-out
S021,eCFR Title 38 Part 36 (VA loan regulations),U.S. Government / eCFR,https://www.ecfr.gov/current/title-38/part-36,2026,2026-07-23,regulation,verified,verified,"Sections 36.4315, 36.4319, 36.4350, 36.4803 rule text",
S022,eCFR Title 12 section 1024.41 (Regulation X loss mitigation),U.S. Government / eCFR,https://www.ecfr.gov/current/title-12/section-1024.41,2026,2026-07-23,regulation,verified,verified,"30-day evaluation, specific denial reasons, anti-dual-tracking",
S023,VASP launch materials - VA Circular 26-24-16 (existing-authority statement),U.S. Dept. of Veterans Affairs,https://www.benefits.va.gov/HOMELOANS/documents/circulars/26-24-16.pdf,2024,2026-07-25,agency statement,verified,verified,Existing authority under 38 U.S.C. 3732 and 3720; see also VASP servicer FAQ PDF,https://web.archive.org/web/20250715030646/https://www.benefits.va.gov/HOMELOANS/documents/circulars/26-24-16.pdf
S024,VRM REO / eviction contract record (PIID VA119A17C0062),USASpending / FPDS,https://www.usaspending.gov/award/CONT_AWD_VA119A17C0062_3600_-NONE-_-NONE-,2026,2026-07-25,contract record,verified,verified,Vendor Resource Management Inc (Carrollton TX); $200.6M obligated / $302.4M current award / $374.4M potential ceiling; in progress,https://web.archive.org/web/20260725202142/https://www.usaspending.gov/award/CONT_AWD_VA119A17C0062_3600_-NONE-_-NONE-
S025,VA Partial Claim / Loss Mitigation Waterfall FAQs for servicers,U.S. Dept. of Veterans Affairs,https://www.benefits.va.gov/HOMELOANS/partial-claims-servicer-faqs.asp,2026-06-16,2026-07-25,agency,verified,verified,VA's own launch-vs-implementation split: servicers have 180 days to implement from the June 1 2026 final-policy publication; cites M26-4 Transmittal Sheets 13 and 14,https://web.archive.org/web/20260821235731/https://www.benefits.va.gov/HOMELOANS/partial-claims-servicer-faqs.asp
S026,"Mortgage-industry comment letters on the draft policy (MBA, CHLA)",HousingWire (Sarah Wolak),https://www.housingwire.com/articles/va-partial-claim-rules/,2026-03-12,2026-07-25,press,verified,verified,MBA + CHLA each asked VA for at least 180 days of servicer lead time; MBA said the draft would leave veterans substantially worse off than Fannie/Freddie/FHA borrowers,https://web.archive.org/web/20260411161612/https://www.housingwire.com/articles/va-partial-claim-rules/
S027,ABA analysis of the final Ch. 5 / Ch. 22 policy,ABA Banking Journal,https://bankingjournal.aba.com/2026/06/va-finalizes-new-partial-claim-program-loss-mitigation-updates/,2026-06-05,2026-07-25,industry,verified,verified,Nov 28 = 180 days from the June 1 effective date; waterfall simplified 8 to 6 steps; partial claim moved up to Step 5; several technical issues remain pending VA clarity,https://web.archive.org/web/20260809195847/https://bankingjournal.aba.com/2026/06/va-finalizes-new-partial-claim-program-loss-mitigation-updates/
S028,ATTOM 2026 Mid-Year U.S. Foreclosure Market Report,ATTOM Data Solutions,https://www.attomdata.com/news/market-trends/foreclosures/2026-mid-year-foreclosure-market-report/,2026-07-16,2026-07-25,market data,verified,verified,"227,548 properties with filings in H1 2026; +21% YoY; +28% vs H1 2024. All residential property, not veteran households",https://web.archive.org/web/20260803151008/https://www.attomdata.com/news/market-trends/foreclosures/2026-mid-year-foreclosure-market-report/
S029,"MBA National Delinquency Survey, Q1 2026",Mortgage Bankers Association,https://www.mba.org/news-and-research/newsroom/news/2026/05/14/mortgage-delinquencies-increase-in-the-first-quarter-of-2026,2026-05-14,2026-07-25,market data,verified,verified,Source of the FHA/VA/conventional delinquency split,https://web.archive.org/web/20260623090850/https://www.mba.org/news-and-research/newsroom/news/2026/05/14/mortgage-delinquencies-increase-in-the-first-quarter-of-2026
S030,FHA and VA foreclosures could more than double by next fall,"Mortgage Professional America (Donna Schmidt, DLS Servicing)",https://www.mpamag.com/us/mortgage-industry/market-updates/fha-and-va-foreclosures-could-more-than-double-by-next-fall-executive-predicts/583520,2026-07-23,2026-08-18,industry,verified,verified,"VA defaults at ~4% modified to ~7.125% PMMS, nearly double the payment, no reduced-payment alternative. Doubling figure is a practitioner forecast | 2026-08-18: archive URL carried over from S117, which was the same article registered twice and has been removed.",https://web.archive.org/web/20260809202856/https://www.mpamag.com/us/mortgage-industry/market-updates/fha-and-va-foreclosures-could-more-than-double-by-next-fall-executive-predicts/583520
S031,VA home loan refinancing fee would nearly triple under GOP-led bill,Stars and Stripes (Linda F. Hersey),https://www.stripes.com/veterans/2026-06-15/va-home-loan-refinancing-fee-21976875.html,2026-06-15,2026-07-25,press,verified,verified,Funding-fee increase proposed the same day the Partial Claim Program launched,https://web.archive.org/web/20260809195950/https://www.stripes.com/veterans/2026-06-15/va-home-loan-refinancing-fee-21976875.html
S032,VA home foreclosures surge as veterans are urged to call servicers early,WRDW / WAGT 12 On Your Side,https://www.wrdw.com/video/2026/06/23/va-home-foreclosures-surge-veterans-are-urged-call-servicers-early/,2026-06-23,2026-07-25,press,verified,verified,Local broadcast coverage,https://web.archive.org/web/20260809200026/https://www.wrdw.com/video/2026/06/23/va-home-foreclosures-surge-veterans-are-urged-call-servicers-early/
S033,US Foreclosures Rise 21% - FHA and VA Loans Show the Most Stress,The Close,https://theclose.com/news-foreclosures-fha-va-stress/,2026-07-21,2026-07-25,press,verified,verified,"Reads ATTOM and MBA together: FHA 11.88%, VA 4.99%, conventional 2.75% Q1 2026",https://web.archive.org/web/20260809200119/https://theclose.com/news-foreclosures-fha-va-stress/
S034,Veterans Face Housing Squeeze as VA Pulls Back Help and New Homes Stall,Newsweek,https://www.newsweek.com/veterans-lose-homes-as-va-relief-ends-and-housing-plans-stall-11891543,2026-05-02,2026-07-25,press,verified,verified,National coverage of rising VA-backed foreclosures as relief wound down,https://web.archive.org/web/20260809200159/https://www.newsweek.com/veterans-lose-homes-as-va-relief-ends-and-housing-plans-stall-11891543
S035,Realtor.com on the Partial Claim launch and the foreclosure process,Realtor.com,https://www.realtor.com/news/trends/va-partial-claim-program-launch-foreclosure-process/,2026,2026-07-25,press,verified,verified,Consumer-facing account of the program and the foreclosure timeline,https://web.archive.org/web/20260809200242/https://www.realtor.com/news/trends/va-partial-claim-program-launch-foreclosure-process/
S036,What is a loan modification and who qualifies,Military.com,https://www.military.com/va-loan/learn/what-is-a-loan-modification-and-who-qualifies,2026,2026-07-25,explainer,verified,verified,"Comparison table is VA vs conventional, not FHA: residual income vs DTI, both to 40 years, VA aims at current market average rate. Consumer explainer, not rule text; no claim rests on it",https://web.archive.org/web/20260809200337/https://www.military.com/va-loan/learn/what-is-a-loan-modification-and-who-qualifies
S037,4 years until time expires on new VA mortgage program to avoid foreclosure,Military.com,https://www.military.com/money-benefits/4-years-until-time-expires-on-new-va-mortgage-program-to-avoid-foreclosure,2026,2026-07-25,press,verified,verified,Partial Claim Program statutory sunset,https://web.archive.org/web/20260809200414/https://www.military.com/money-benefits/4-years-until-time-expires-on-new-va-mortgage-program-to-avoid-foreclosure
S038,"H.R. 6644, 21st Century Veterans Affairs Benefits Delivery Act - enrolled text",GovInfo / U.S. Congress,https://www.govinfo.gov/app/details/BILLS-119hr6644enr,2026,2026-07-25,legislation,verified,verified,Listed for the record; no claim on this site rests on it,https://web.archive.org/web/20260809200450/https://www.govinfo.gov/app/details/BILLS-119hr6644enr
S039,Investors list more homes after Road to Housing Act but impact may stay local,HousingWire,https://www.housingwire.com/articles/investors-list-more-homes-after-road-to-housing-act-but-impact-may-stay-local/,2026-07-21,2026-07-25,press,verified,verified,Institutional-investor SFR listings more than doubled since early February; ROAD to Housing Act effect appears local. No direct VA-home-loan bearing confirmed; no claim rests on it,https://web.archive.org/web/20260729043318/https://www.housingwire.com/articles/investors-list-more-homes-after-road-to-housing-act-but-impact-may-stay-local/
S040,"House roll call 249 - motion to recommit, Take Care of America's Veterans Act (H.R. 9237)",Office of the Clerk US House,https://clerk.house.gov/Votes/2026249,2026-07-16,2026-07-25,official,verified,verified,Motion to recommit failed 210-211; bill then pulled from floor consideration,https://web.archive.org/web/20260716193148/https://clerk.house.gov/Votes/2026249
S041,"Take Care of America's Veterans Act (H.R. 9237), 119th Congress - bill record",Congress.gov,https://www.congress.gov/bill/119th-congress/house-bill/9237,2026,2026-07-25,official,verified,verified,"Legislative history, sponsors, text and status of record",https://web.archive.org/web/20260625195244/https://www.congress.gov/bill/119th-congress/house-bill/9237
S042,"H.R. 8532, VA Home Loan Affordability Act - bill text",Congress.gov,https://www.congress.gov/bill/119th-congress/house-bill/8532/text,2026,2026-07-25,official,verified,verified,Introduced; would align parts of the VA home loan program with FHA-style requirements. Separate measure from H.R. 9237,https://web.archive.org/web/20260829151713/https://www.congress.gov/bill/119th-congress/house-bill/8532/text
S043,"Sen. Murray on Legal Services Corporation funding, FY2026",Office of Sen. Patty Murray,https://www.murray.senate.gov/after-murray-defeated-trump-efforts-to-defund-legal-aid-murray-meets-with-northwest-justice-project-in-seattle-to-highlight-a-lifeline-for-workers-veterans-survivors-and-more/,2026,2026-07-25,official statement,verified,verified,Protected $540M for LSC in FY2026 and rejected the proposal to defund it; states House Republicans sought to cut it by nearly half,https://web.archive.org/web/20260809200728/https://www.murray.senate.gov/after-murray-defeated-trump-efforts-to-defund-legal-aid-murray-meets-with-northwest-justice-project-in-seattle-to-highlight-a-lifeline-for-workers-veterans-survivors-and-more/
S044,Legal Services Corporation FY2027 budget request,Legal Services Corporation,https://www.lsc.gov/our-impact/publications/budget-requests/fiscal-year-2027-budget-request,2026,2026-07-25,official,verified,verified,"Seeks $2.143B ($2,142,675,816) for FY2027, +$10.2M. Grantees fully serve 29%, partially serve 22%, turn away 49% (~1.8 million). White House FY2026 budget proposed elimination with $21M close-out",https://web.archive.org/web/20260806050428/https://www.lsc.gov/our-impact/publications/budget-requests/fiscal-year-2027-budget-request
S045,LSC on unmet civil legal needs (press release),Legal Services Corporation,https://www.lsc.gov/press-release/lsc-says-2-billion-needed-address-low-income-americans-unmet-civil-legal-needs,2026,2026-07-25,official,verified,verified,Agency statement of funding needed for unmet civil legal needs,https://web.archive.org/web/20260517003226/https://www.lsc.gov/press-release/lsc-says-2-billion-needed-address-low-income-americans-unmet-civil-legal-needs
S046,LSC seeks $2.14B as White House pushes to slash funding,Law360,https://www.law360.com/articles/2461893/lsc-seeks-2-14b-as-white-house-pushes-to-slash-funding,2026,2026-07-25,press,verified,verified,Trade-press corroboration of the FY2027 figure; subscription may be required,https://web.archive.org/web/20260619143517/https://www.law360.com/articles/2461893/lsc-seeks-2-14b-as-white-house-pushes-to-slash-funding
S047,LSC Justice Gap - Special Focus: Veterans and military personnel (2017),Legal Services Corporation / NORC,https://lsc-live.app.box.com/s/q288zuu6igim5nzrjb99rewe7l32whz9,2017,2026-07-25,official research,verified,verified,71% of low-income veteran/military households had a civil legal problem in past year; sought help for 21%; inadequate or no help for est. 88%. Veteran estimates based on fewer than 100 reported problems,https://web.archive.org/web/20260209142818/https://lsc-live.app.box.com/s/q288zuu6igim5nzrjb99rewe7l32whz9
S048,VA CARES Act guidance for borrowers with VA-guaranteed home loans,US Dept of Veterans Affairs / VBA,docs/VA-CARES-Act-guidance-for-borrowers.pdf,2020,2026-07-25,agency guidance,verified,verified,180 days + 180 more on request; 60-day foreclosure/eviction moratorium from 3/18/20; missed payments do not have to be made up in a single payment. Captured PDF; live VA URL pending,
S049,CARES Act Forbearance Fact Sheet for FHA VA and USDA servicers,Federal interagency,https://www.benefits.va.gov/HOMELOANS/documents/docs/servicers_cares_factsheet.pdf,2020,2026-07-25,agency guidance,verified,verified,Servicer-facing companion to S048. Servicers must grant the forbearance requested; no documentation required; available regardless of delinquency status; missed payments must be repaid but may be paid back over time; VA servicers cannot require a lump sum on exit,https://web.archive.org/web/20251117090246/https://benefits.va.gov/HOMELOANS/documents/docs/servicers_cares_factsheet.pdf
S050,VA Home Loan Program Reform Act of 2025 - sponsor summary,US House,docs/VA-Home-Loan-Program-Reform-Act-2025-summary.pdf,2025,2026-07-25,legislative summary,verified,verified,CARES partial-claim authority expired in 2021; every other federal home loan program offers a partial claim except VA. Sponsor advocacy document,
S051,HVAC hearing April 11 2024 - VA budget request FY2025 and FY2026,US House Committee on Veterans Affairs (118th Cong 2d Sess),https://www.govinfo.gov/content/pkg/CHRG-118hhrg55605/html/CHRG-118hhrg55605.htm,2024-04-11,2026-07-25,hearing record,verified,verified,"Witness Sec. Denis McDonough: VASP building on existing authority; ~40,000 at-risk mortgage holders. Launched under McDonough, terminated 2025 under Sec. Collins",https://web.archive.org/web/20260730051123/https://www.govinfo.gov/content/pkg/CHRG-118hhrg55605/html/CHRG-118hhrg55605.htm
S052,"Written statement of John Bell III, VA Executive Director Loan Guaranty Service, HVAC Subcommittee on Economic Opportunity",U.S. House Committee on Veterans' Affairs,https://docs.house.gov/meetings/VR/VR10/20240215/116827/HHRG-118-VR10-Wstate-BellJ-20240215.pdf,2024-02-15,2026-08-12,hearing record,verified,verified,"VA: no explicit authority to advance guaranty funds as loss mitigation; cannot offer a partial claim pulling from the guaranty; VA carries 25% of default risk vs 90%+ for other federal programs; COVID-VAPCP expired 10/28/22; 200,000+ affected / 50,000+ assisted / 145,000 retained in the prior year",https://web.archive.org/web/20250523203259/https://docs.house.gov/meetings/VR/VR10/20240215/116827/HHRG-118-VR10-Wstate-BellJ-20240215.pdf
S053,Preventing Foreclosures: How the Pandemic Reshaped the Loss Mitigation Toolkit,Urban Institute Housing Finance Policy Center,https://www.urban.org/sites/default/files/2024-07/Preventing%20Foreclosures_0.pdf,2024-07,2026-07-25,research,verified,verified,VA had the most limited loss mitigation options lacking portfolio and partial claim authority; Congress needs to grant VA partial claim authority; VASP 'exhausted all other options' undefined so implementation will be uneven; borrowers cannot apply directly; VA could have used existing authority for a more flexible modification than the flat 2.5 percent; partial-claim funds acquired July 2021 expired October 2022,https://web.archive.org/web/20251225213104/https://www.urban.org/sites/default/files/2024-07/Preventing%20Foreclosures_0.pdf
S054,Information for VA home loan borrowers during COVID-19 - CARES Act frequently asked questions,U.S. Dept. of Veterans Affairs,https://benefits.va.gov/homeloans/cares-act-frequently-asked-questions.asp,2021,2026-07-25,agency guidance,verified,verified,VA's borrower-facing answers: forbearance entitlement and length; credit reporting; deferment does not extend maturity; COVID-VAPCP 7/27/21-10/28/22 requiring current or within 30 days of current on 3/1/20; Refund Modification 7/27/21-7/1/23 requiring within 120 days current on 3/1/20; short sale and deed in lieu 'could result in a loss or reduction in your future home loan benefit',https://web.archive.org/web/20260728194612/https://benefits.va.gov/homeloans/cares-act-frequently-asked-questions.asp
S055,VA Circular 26-24-2 - Updates to VA's COVID-19 Home Retention Waterfall and COVID-19 Refund Modification,U.S. Dept. of Veterans Affairs,https://www.benefits.va.gov/HOMELOANS/documents/circulars/26-24-02.pdf,2024-02-09,2026-07-25,agency guidance,verified,verified,Step D: servicer is not to initiate foreclosure or alternatives at this point; VA observed servicers may have begun foreclosure or offered DIL/short sale before VA review; waterfall entry test current or less than 120 days past due as of 3/1/2020 or loan made on/after that date; Step C targets 31 pct of gross monthly household income without VA purchase exceeding 30 pct of UPB; VA may exercise 38 USC 3732 refunding authority and purchase a delinquent loan,https://web.archive.org/web/20250909062548/https://www.benefits.va.gov/HOMELOANS/documents/circulars/26-24-02.pdf
S056,"Hearing transcript, HVAC Subcommittee on Economic Opportunity, February 15 2024 (Hearing 118-53)",U.S. House Committee on Veterans' Affairs,https://docs.house.gov/meetings/VR/VR10/20240215/116827/HHRG-118-VR10-Transcript-20240215.pdf,2024-02-15,2026-08-24,hearing record,verified,verified,"VASP exchange: Bell names 38 USC 3732 and 38 CFR 4320 as authority; 40,000 borrowers sought; 6-month payment protocol on modifications; VA portfolio almost 90% at 2.5-3% coupon; chair's below-market-rate objection and 'I do not care who is in the White House' framing PROVENANCE 2026-08-24: this PDF has NO TEXT LAYER. It is a Microsoft Print-To-PDF scan; pypdf returns 1,367 characters over 81 pages, all newlines, and reports zero unreadable files, and pdftotext returns 81 characters. A format-aware search of it is still a clean-looking zero that means nothing. The pages were rendered at 300 DPI with pdftoppm and read with tesseract --psm 6, giving 207,937 characters. The Van Orden and Bell authority exchange was verified by eye against the page image before publication. Mined passages and reliability tier: 04_Website\VFC_S056_Feb2024_Hearing_Mined_2026-08-24.md.",
S057,NPR investigation: veterans face foreclosure after VA ends a COVID forbearance program,NPR (Arnold/Lawrence; data analysis Benincasa),https://www.npr.org/2023/11/11/1211855956/veterans-va-loans-foreclosure-covid-forbearance,2023-11-11,2026-07-25,news,verified,verified,ICE Mortgage Technology data indexed to Jan 2018; VA active-foreclosure index rises above 2018 level to ~123 by late 2023 while FHA ~63 and GSE ~55; chart marks VA ending its mortgage assistance program,https://web.archive.org/web/20260809200851/https://www.npr.org/2023/11/11/1211855956/veterans-va-loans-foreclosure-covid-forbearance
S058,NPR reporting carried by OPB: veterans fear the VA's new foreclosure rescue plan won't help them,NPR via OPB,https://www.opb.org/article/2023/12/01/veterans-fear-the-va-s-new-foreclosure-rescue-plan-won-t-help-them/,2023-12-01,2026-07-25,news,verified,verified,"Servicer demanded full arrears after VA announced a pause; modification raised payment $1,300/mo to $3,600; pause ran only to 5/31/24; 40,000 VA borrowers in foreclosure or delinquent; VA met with servicers of 90%+ of VA loans",https://web.archive.org/web/20260809200930/https://www.opb.org/article/2023/12/01/veterans-fear-the-va-s-new-foreclosure-rescue-plan-won-t-help-them/
S059,"Chairman Bost, Van Orden Issue Joint Statement on Phase Out of VASP Program",U.S. House Committee on Veterans' Affairs (majority),https://veterans.house.gov/news/documentsingle.aspx?DocumentID=6683,2025-04-03,2026-07-25,congressional statement,verified,verified,"Committee's own fiscal case for a partial claim over loan purchase: $22,500 average loan delinquency vs $292,000 average loan purchased under VASP, rising to $320,000; over $5.4B of loans purchased since 5/31/24; VA's April 2024 estimate of 60,000 loans / $17.7B; stated intent to establish a partial claim to keep veterans in their homes 'while still protecting the American taxpayer'; VASP described as created for political purposes",https://web.archive.org/web/20260520141248/https://veterans.house.gov/news/documentsingle.aspx?DocumentID=6683
S060,"Blumenthal, Warren & Takano to Collins: Stop Pushing Thousands of Veterans into Foreclosure",Senate Committee on Veterans' Affairs (Minority),https://www.veterans.senate.gov/2025/4/blumenthal-warren-takano-to-collins-stop-pushing-thousands-of-veterans-into-foreclosure,2025-04-09,2026-07-25,congressional letter,verified,verified,"Blumenthal (SVAC RM), Warren (Senate Banking RM) and Takano (HVAC RM) press Collins to reverse the VASP termination; signed by 22 Democrats and Independents",
S061,Ranking Member Takano statement on the termination of VASP,House Veterans' Affairs Committee (Democrats),https://democrats-veterans.house.gov/news/press-releases/ranking-member-takano-blasts-trump-administration-for-ending-program-that-helped-veterans-avoid-foreclosure,2025-04,2026-07-26,congressional statement,verified,verified,"Takano: as many as 80,000 veterans and military families stripped of a vital assistance program established to prevent the tragedy of foreclosure",https://web.archive.org/web/20250528022954/https://democrats-veterans.house.gov/news/press-releases/ranking-member-takano-blasts-trump-administration-for-ending-program-that-helped-veterans-avoid-foreclosure
S062,Senate and House VA Committee leaders' statement on passage of the VA home loan legislation,Senate Committee on Veterans' Affairs,https://www.veterans.senate.gov/2025/7/senate-house-va-committee-leaders-statement-on-passage-of-legislation-to-improve-va-home-loan-program,2025-07,2026-07-26,congressional statement,verified,verified,Bipartisan bicameral statement on H.R. 1815: will assist veterans facing financial hardships and provide VA a tool to better help veterans stay in their homes and avoid foreclosure,https://web.archive.org/web/20260313143438/https://www.veterans.senate.gov/2025/7/senate-house-va-committee-leaders-statement-on-passage-of-legislation-to-improve-va-home-loan-program
S063,"Report: More than 10,000 veterans have lost homes since VA changes",ABA Banking Journal,https://bankingjournal.aba.com/2026/04/report-more-than-10000-veterans-have-lost-homes-since-va-changes,2026-04-02,2026-08-10,industry press,verified,verified,"Auto-registered 2026-08-08 during the N4 citation sweep. Cited on: data-methods.html, evidence.html (2 refs). Title derived from the URL slug, confirm against the page before external citation.  pub_date 2026-04-02 confirmed 2026-08-15 from three agreeing signals on the live page: article:modified_time meta, the byline 'April 2, 2026', and the /2026/04/ url path.",https://web.archive.org/web/20260601212259/https://bankingjournal.aba.com/2026/04/report-more-than-10000-veterans-have-lost-homes-since-va-changes/
S064,Bost home tax,Common Defense,https://commondefense.us/actions/bost-home-tax,,,advocacy campaign,registered-needs-title-and-date,PENDING CITATION,"Auto-registered 2026-08-08 during the N4 citation sweep. Cited on: data-methods.html, the-script.html (2 refs). Title derived from the URL slug, confirm against the page before external citation.",https://web.archive.org/web/20260521221842/https://commondefense.us/actions/bost-home-tax/
S065,VA Not For Sale - Common Defense,Common Defense,https://commondefense.us/campaign/va-not-for-sale,not dated,2026-08-10,advocacy campaign,verified,verified,"Auto-registered 2026-08-08 during the N4 citation sweep. Cited on: data-methods.html, the-script.html (2 refs). Title derived from the URL slug, confirm against the page before external citation.  Established 2026-08-15: the live campaign page carries no date-shaped string anywhere. This is a standing campaign landing page, not a dated publication. 'not dated' is the schema sentinel for an ESTABLISHED absence, as opposed to an empty cell meaning nobody has looked.",https://web.archive.org/web/20260125205328/https://commondefense.us/campaign/va-not-for-sale/
S066,GOP Doubles Down on VA Refinancing Fee Hikes; Veterans Demand Course Correction,Common Defense,https://commondefense.us/news/gop-doubles-down-on-va-refinancing-fee-hikes-veterans-demand-course-correction,,2026-08-09,advocacy campaign,verified-needs-date,PENDING DATE,"Auto-registered 2026-08-08 during the N4 citation sweep. Cited on: data-methods.html (1 refs). Title derived from the URL slug, confirm against the page before external citation. | Title read from the live page 2026-08-09.",https://web.archive.org/web/20260522014741/https://commondefense.us/news/gop-doubles-down-on-va-refinancing-fee-hikes-veterans-demand-course-correction/
S067,Takano Rejects GOP Push to Make Disabled Veterans Fund Others’ Benefits,House Veterans' Affairs Committee (Minority),https://democrats-veterans.house.gov/news/press-releases/takano-rejects-gop-push-to-make-disabled-veterans-fund-others-benefits,2025-12-03,2026-08-09,committee document,verified,verified,"Auto-registered 2026-08-08 during the N4 citation sweep. Cited on: data-methods.html, watch.html (2 refs). Title derived from the URL slug, confirm against the page before external citation. | Title read from the live page 2026-08-09.",https://web.archive.org/web/20260315053333/https://democrats-veterans.house.gov/news/press-releases/takano-rejects-gop-push-to-make-disabled-veterans-fund-others-benefits
S068,Expanding the Mission: The Future of the National Center for Warrior Independence in West LA | Committee Repository,U.S. House of Representatives (Committee Repository),https://docs.house.gov/Committee/Calendar/ByEvent.aspx?EventID=119260,,2026-08-09,hearing record,verified-needs-date,PENDING DATE,"Auto-registered 2026-08-08 during the N4 citation sweep. Cited on: data-methods.html, evidence.html (2 refs). Title derived from the URL slug, confirm against the page before external citation. | Title read from the live page 2026-08-09.",https://web.archive.org/web/20260809201050/https://docs.house.gov/Committee/Calendar/ByEvent.aspx?EventID=119260
S069,"“Legislative Hearing on: H.R: 6733, The “VISN Reform Act of 2025”; H.R.6580, The “VA National Formulary Act of 2025”; H.R.6599, The “Leasing and Infrastructure Act of 2025”; H.R.65",U.S. House of Representatives (Committee Repository),https://docs.house.gov/Committee/Calendar/ByEvent.aspx?EventID=119305,,2026-08-09,hearing record,verified-needs-date,PENDING DATE,"Auto-registered 2026-08-08 during the N4 citation sweep. Cited on: data-methods.html, watch.html (2 refs). Title derived from the URL slug, confirm against the page before external citation. | Title read from the live page 2026-08-09.",https://web.archive.org/web/20260516125220/https://docs.house.gov/Committee/Calendar/ByEvent.aspx?EventID=119305
S070,VR00 / 20240215,U.S. House of Representatives (Committee Repository),https://docs.house.gov/meetings/VR/VR00/20240215,,,hearing record,registered-needs-title-and-date,PENDING CITATION,"Auto-registered 2026-08-08 during the N4 citation sweep. Cited on: current-status.html, news.html, timeline.csv, timeline.html, watch.html (5 refs). Title derived from the URL slug, confirm against the page before external citation.",
S071,HHRG 119 VR00 Wstate PrinceT 20260304,U.S. House of Representatives (Committee Repository),https://docs.house.gov/meetings/VR/VR00/20260304/118977/HHRG-119-VR00-Wstate-PrinceT-20260304.pdf,,,hearing record,registered-needs-title-and-date,PENDING CITATION,"Auto-registered 2026-08-08 during the N4 citation sweep. Cited on: data-methods.html, evidence.html (2 refs). Title derived from the URL slug, confirm against the page before external citation.",https://web.archive.org/web/20260416021421/https://docs.house.gov/meetings/VR/VR00/20260304/118977/HHRG-119-VR00-Wstate-PrinceT-20260304.pdf
S072,HHRG 119 VR00 Wstate DesmondM 20260520,U.S. House of Representatives (Committee Repository),https://docs.house.gov/meetings/VR/VR00/20260520/119305/HHRG-119-VR00-Wstate-DesmondM-20260520.pdf,,,hearing record,registered-needs-title-and-date,PENDING CITATION,"Auto-registered 2026-08-08 during the N4 citation sweep. Cited on: data-methods.html, the-script.html (2 refs). Title derived from the URL slug, confirm against the page before external citation.",https://web.archive.org/web/20260521023118/https://docs.house.gov/meetings/VR/VR00/20260520/119305/HHRG-119-VR00-Wstate-DesmondM-20260520.pdf
S073,HHRG 119 VR10 Wstate CohenA 20260326,U.S. House of Representatives (Committee Repository),https://docs.house.gov/meetings/VR/VR10/20260326/119104/HHRG-119-VR10-Wstate-CohenA-20260326.pdf,,,hearing record,registered-needs-title-and-date,PENDING CITATION,"Auto-registered 2026-08-08 during the N4 citation sweep. Cited on: data-methods.html, the-script.html (2 refs). Title derived from the URL slug, confirm against the page before external citation.",https://web.archive.org/web/20260809201249/https://docs.house.gov/meetings/VR/VR10/20260326/119104/HHRG-119-VR10-Wstate-CohenA-20260326.pdf
S074,#195: Addressing The Issues - Secretary Of Veterans Affairs Doug Collins,Green Beret Foundation,https://greenberetfoundation.org/jedburghpodcast/195-addressing-the-issues-secretary-of-veterans-affairs-doug-collins,2026-05-01,2026-08-09,podcast,verified,verified,"Auto-registered 2026-08-08 during the N4 citation sweep. Cited on: data-methods.html (1 refs). Title derived from the URL slug, confirm against the page before external citation. | Title read from the live page 2026-08-09.",https://web.archive.org/web/20260809201313/https://greenberetfoundation.org/jedburghpodcast/195-addressing-the-issues-secretary-of-veterans-affairs-doug-collins/
S075,"VA calls for extension of Veteran foreclosure moratorium through Dec. 31, 2024",U.S. Department of Veterans Affairs,https://news.va.gov/press-room/va-calls-for-extension-of-veteran-foreclosure-moratorium-through-dec-31-2024,2024-05-29,2026-08-09,agency press release,verified,verified,"Auto-registered 2026-08-08 during the N4 citation sweep. Cited on: timeline.csv (1 refs). Title derived from the URL slug, confirm against the page before external citation. | Title read from the live page 2026-08-09.",https://web.archive.org/web/20260209015455/https://news.va.gov/press-room/va-calls-for-extension-of-veteran-foreclosure-moratorium-through-dec-31-2024/
S076,"MBA Advocacy Update: MAA Advocacy in August Underway; MBA Comments on FTC's Proposed AI Policy Statement, more",Mortgage Bankers Association,https://newslink.mba.org/mba-newslinks/2026/april//advocacy-update,2026-08-07,2026-08-09,industry statement,verified,verified,"Auto-registered 2026-08-08 during the N4 citation sweep. Cited on: data-methods.html, evidence.html (2 refs). Title derived from the URL slug, confirm against the page before external citation. | Title read from the live page 2026-08-09.",https://web.archive.org/web/20260616181737/https://newslink.mba.org/mba-newslinks/2026/april/advocacy-update/
S077,Wounded Warrior Project Applauds House Passage of the Briley Edmundson Veterans Benefits Act,Wounded Warrior Project,https://newsroom.woundedwarriorproject.org/2026-05-21-Wounded-Warrior-Project-Applauds-House-Passage-of-Briley-Edmundson-Veterans-Bill,2026-05-21,2026-08-09,organisation statement,verified,verified,"Auto-registered 2026-08-08 during the N4 citation sweep. Cited on: data-methods.html, the-script.html (2 refs). Title derived from the URL slug, confirm against the page before external citation. | Title read from the live page 2026-08-09. | Title corrected by hand; the automated cleaner had truncated it.",https://web.archive.org/web/20260607205427/https://newsroom.woundedwarriorproject.org/2026-05-21-Wounded-Warrior-Project-Applauds-House-Passage-of-Briley-Edmundson-Veterans-Bill
S078,2026 05 8 DVO Letter to OIG FINAL,House Veterans' Affairs Committee (Majority),https://republicans-veterans.house.gov/UploadedFiles/2026_05_8__DVO_Letter_to_OIG_FINAL.pdf,,,committee document,registered-needs-title-and-date,PENDING CITATION,"Auto-registered 2026-08-08 during the N4 citation sweep. Cited on: data-methods.html, watch.html (2 refs). Title derived from the URL slug, confirm against the page before external citation.",
S079,“A Grim March Toward Death”: What HUD’s New Homeless Policy Looks Like on the Ground,Shelterforce,https://shelterforce.org/2026/04/20/what-huds-new-homeless-policy-looks-like-on-the-ground,2026-04-20,2026-08-09,news,verified,verified,"Auto-registered 2026-08-08 during the N4 citation sweep. Cited on: for-reporters.html (1 refs). Title derived from the URL slug, confirm against the page before external citation. | Title read from the live page 2026-08-09.",https://web.archive.org/web/20260513115203/https://shelterforce.org/2026/04/20/what-huds-new-homeless-policy-looks-like-on-the-ground/
S080,5887769 watch live doug collins veterans affairs budget senate hearing,The Hill,https://thehill.com/video-clips/5887769-watch-live-doug-collins-veterans-affairs-budget-senate-hearing,,,news,registered-needs-title-and-date,PENDING CITATION,"Auto-registered 2026-08-08 during the N4 citation sweep. Cited on: data-methods.html, watch.html (2 refs). Title derived from the URL slug, confirm against the page before external citation.",
S081,"Van Orden, Pappas Introduce Bill to Require VA to Provide Timely Equitable Relief for Administrative Errors",Office of Rep. Derrick Van Orden,https://vanorden.house.gov/media/press-releases/van-orden-pappas-introduce-bill-require-va-provide-timely-equitable-relief,2024-04-12,2026-08-09,member press release,verified,verified,"Auto-registered 2026-08-08 during the N4 citation sweep. Cited on: data-methods.html, watch.html (2 refs). Title derived from the URL slug, confirm against the page before external citation. | Title read from the live page 2026-08-09.",https://web.archive.org/web/20260809201637/https://vanorden.house.gov/media/press-releases/van-orden-pappas-introduce-bill-require-va-provide-timely-equitable-relief
S082,Kitchen Table Issues: Lowering Costs for Veteran Families Through the VA Home Loan Program (hearing),House Veterans' Affairs Committee,https://veterans.house.gov/calendar/eventsingle.aspx?EventID=7881,2026-03-26,2026-08-10,committee document,verified,verified,"Auto-registered 2026-08-08 during the N4 citation sweep. Cited on: data-methods.html, watch.html (2 refs). Title derived from the URL slug, confirm against the page before external citation. | Title read from the live page 2026-08-09. | Live page title is only ""Hearings""; needs the specific hearing name.  pub_date is the HEARING DATE, stated on the page as 'Thursday, March 26, 2026 | 3:00 PM, 360 Cannon'. Confirmed 2026-08-15.",https://web.archive.org/web/20260713031043/https://veterans.house.gov/calendar/eventsingle.aspx?EventID=7881
S083,Full Committee Legislative Hearing,House Veterans' Affairs Committee,https://veterans.house.gov/calendar/eventsingle.aspx?EventID=7907,2026-05-20,2026-08-10,committee document,verified,verified,"Auto-registered 2026-08-08 during the N4 citation sweep. Cited on: data-methods.html, policy.html (2 refs). Title derived from the URL slug, confirm against the page before external citation. | Title read from the live page 2026-08-09. | Live page title is only ""Hearings""; needs the specific hearing name.  pub_date is the HEARING DATE, stated on the page as 'Wednesday, May 20, 2026 | 10:15 AM, 360 Cannon'. CAUTION: this is the HOUSE Full Committee legislative hearing. The Senate Veterans' Affairs Committee hearing that carries the 15,000+ figure (T017) is ALSO 2026-05-20. Two chambers, same day. Do not conflate them. Confirmed 2026-08-15.",https://web.archive.org/web/20260717043124/https://veterans.house.gov/calendar/eventsingle.aspx?EventID=7907
S084,"Economic Opportunity Subcommittee Chairman Van Orden Leads on Affordability, Cutting Red Tape in VA Home Loan Program for Veterans and their Families",House Veterans' Affairs Committee,https://veterans.house.gov/news/documentsingle.aspx?DocumentID=7885,2026-03-26,2026-08-09,committee document,verified,verified,"Auto-registered 2026-08-08 during the N4 citation sweep. Cited on: data-methods.html, evidence.html (2 refs). Title derived from the URL slug, confirm against the page before external citation. | Title read from the live page 2026-08-09.",https://web.archive.org/web/20260809201810/https://veterans.house.gov/news/documentsingle.aspx?DocumentID=7885
S085,Committee Launches Investigation into George Washington University on Accusations of Defrauding Student Veterans,House Veterans' Affairs Committee,https://veterans.house.gov/news/documentsingle.aspx?DocumentID=7904,2026-05-08,2026-08-09,committee document,verified,verified,"Auto-registered 2026-08-08 during the N4 citation sweep. Cited on: data-methods.html, watch.html (2 refs). Title derived from the URL slug, confirm against the page before external citation. | Title read from the live page 2026-08-09.",https://web.archive.org/web/20260809201841/https://veterans.house.gov/news/documentsingle.aspx?DocumentID=7904
S086,Chairman Bost Opens Hearing on Plan to Reform and Improve Homelessness Services for Veterans in West LA Region,House Veterans' Affairs Committee,https://veterans.house.gov/news/documentsingle.aspx?DocumentID=7906,2026-05-13,2026-08-09,committee document,verified,verified,"Auto-registered 2026-08-08 during the N4 citation sweep. Cited on: data-methods.html, evidence.html (2 refs). Title derived from the URL slug, confirm against the page before external citation. | Title read from the live page 2026-08-09.",https://web.archive.org/web/20260809201912/https://veterans.house.gov/news/documentsingle.aspx?DocumentID=7906
S087,What They’re Saying: Briley and Edmundson Family’s Highlight Impact H.R. 6047 Would Have on Thousands of American Families,House Veterans' Affairs Committee,https://veterans.house.gov/news/documentsingle.aspx?DocumentID=7914,2026-05-18,2026-08-09,committee document,verified,verified,"Auto-registered 2026-08-08 during the N4 citation sweep. Cited on: data-methods.html, watch.html (3 refs). Title derived from the URL slug, confirm against the page before external citation. | Title read from the live page 2026-08-09.",https://web.archive.org/web/20260523181038/https://veterans.house.gov/news/documentsingle.aspx?DocumentID=7914
S088,"Chairman Bost Speaks at Rules Committee on Key Bills to Expand Benefits for Disabled Veterans and Survivors, Restore Constitutional Rights",House Veterans' Affairs Committee,https://veterans.house.gov/news/documentsingle.aspx?DocumentID=7915,2026-05-19,2026-08-09,committee document,verified,verified,"Auto-registered 2026-08-08 during the N4 citation sweep. Cited on: data-methods.html (1 refs). Title derived from the URL slug, confirm against the page before external citation. | Title read from the live page 2026-08-09.",https://web.archive.org/web/20260809202013/https://veterans.house.gov/news/documentsingle.aspx?DocumentID=7915
S089,2026 05 8 dvo letter to gw final,House Veterans' Affairs Committee,https://veterans.house.gov/uploadedfiles/2026_05_8_dvo_letter_to_gw_final.pdf,,,committee document,registered-needs-title-and-date,PENDING CITATION,"Auto-registered 2026-08-08 during the N4 citation sweep. Cited on: data-methods.html, watch.html (2 refs). Title derived from the URL slug, confirm against the page before external citation.",https://web.archive.org/web/20260523180829/https://veterans.house.gov/uploadedfiles/2026_05_8_dvo_letter_to_gw_final.pdf
S090,Veterans issues take center stage at roundtable hosted by Derrick Van Orden and Doug Collins,AOL News,https://www.aol.com/news/veterans-issues-center-stage-roundtable-153555111.html,2026-05-08,2026-08-09,news,verified,verified,"Auto-registered 2026-08-08 during the N4 citation sweep. Cited on: data-methods.html (1 refs). Title derived from the URL slug, confirm against the page before external citation. | Title read from the live page 2026-08-09.",https://web.archive.org/web/20260616181743/https://www.aol.com/news/veterans-issues-center-stage-roundtable-153555111.html
S091,"VA Circular 26-23-25, Loan Repayment Relief for Borrowers","U.S. Department of Veterans Affairs, VBA",https://www.benefits.va.gov/HOMELOANS/documents/circulars/26-23-25.pdf,2023-11-30,2026-08-25,agency circular,verified,verified,"Auto-registered 2026-08-08 from the URL slug and never opened. READ OFF THE DOCUMENT 2026-08-25, from the PDF held at Final-Reports_Research_Cross-Analysis\Govt Official Documents\VA_Circulars\26-23-25.pdf and a second copy in Downloads\VFC_receipts. Page 1 masthead and the page 2 running head both read November 30, 2023. Title on the face of the document is ""Loan Repayment Relief for Borrowers"", the SAME title 26-24-12 carries, so never cite that title without the circular number and year. Signed John E. Bell, III, Executive Director, Loan Guaranty Service. Para 3 encourages a moratorium on all VA-guaranteed loans through May 31 2024 with ONE exception, vacant or abandoned; the 2024 successor had four, then three after Change 1. Para 8 effective immediately, para 9 valid until May 31 2024. Confirms timeline.csv T027.",https://web.archive.org/web/20260703004121/https://www.benefits.va.gov/HOMELOANS/documents/circulars/26-23-25.pdf
S092,"VA Circular 26-24-12, Loan Repayment Relief for Borrowers","U.S. Department of Veterans Affairs, VBA",https://www.benefits.va.gov/HOMELOANS/documents/circulars/26-24-12.pdf,2024-05-29,2026-08-10,agency circular,verified,verified,"Auto-registered 2026-08-08 during the N4 citation sweep. Cited on: timeline.csv (2 refs). Title derived from the URL slug, confirm against the page before external citation.  CAUTION, this is the PDF's embedded creation timestamp (2024-05-29 11:48:42, CommonLook Office), NOT a stated issue date printed on the circular. It is consistent with the 26-24-12 numbering, where 24 is the year. Treat as approximate until someone reads the issue date off the document itself.  Title corrected 2026-08-15. The previous value was the PDF's metadata title written by a CommonLook accessibility tool, not the name of the document. New title read from the PDF's own /Title field. TITLE AND DATE CONFIRMED 2026-08-22 by reading the PDF at the registered URL: the document is named Loan Repayment Relief for Borrowers and carries an issue date of May 29 2024, which resolves the caution above about the date being only a PDF creation timestamp. Substance: paragraph 3, VA strongly encourages servicers to implement, through December 31 2024, a targeted foreclosure moratorium on VA-guaranteed loans, to buy time to stand up VASP. The verb is encourages, not requires. The circular is rescinded January 1 2025. THE TRAP: the PDF at this URL still prints paragraph 3c, the exception for a servicer that has received no monthly payment for at least 210 days from a borrower who is not responding to outreach. Change 1 DELETED that paragraph on June 21 2024, and this file was never reissued to show it. Change 1 is registered at S197. Anyone reading only this URL will credit a servicer with an exception it did not have after June 21 2024.",https://web.archive.org/web/20260703010303/https://www.benefits.va.gov/HOMELOANS/documents/circulars/26-24-12.pdf
S093,VASP servicer FAQs (VA and MBA),"U.S. Department of Veterans Affairs, VBA",https://www.benefits.va.gov/HOMELOANS/documents/docs/vasp-mba-servicer-faqs.pdf,2024-07-10,2026-08-10,agency circular,verified,verified,"Auto-registered 2026-08-08 during the N4 citation sweep. Cited on: data-methods.html (1 refs). Title derived from the URL slug, confirm against the page before external citation.  CAUTION, PDF embedded creation timestamp (2024-07-10 23:06:39, iTextSharp / CommonLook Office), NOT a stated publication date. Treat as approximate until someone reads a date off the document itself.  Title corrected 2026-08-15. The previous value was PDF remediation metadata. This PDF carries NO /Title of its own, so the new title is derived from the url slug vasp-mba-servicer-faqs.pdf and should be confirmed against the document's printed heading before external use. Printed heading confirmed 2026-08-17: the document's own printed heading is 'FAQs (Prioritized)', with no fuller title on the page; descriptive display title retained. Read from the live PDF via cloud container.",https://web.archive.org/web/20260609064339/https://benefits.va.gov/HOMELOANS/documents/docs/vasp-mba-servicer-faqs.pdf
S094,Boozman Holds Hearing Examining FY27 Budget Request for Department of Veterans Affairs,Office of Sen. John Boozman,https://www.boozman.senate.gov/public/index.cfm/2026/4/boozman-holds-hearing-examining-fy27-budget-request-for-department-of-veterans-affairs,2026-04-30,2026-08-09,member press release,verified,verified,"Auto-registered 2026-08-08 during the N4 citation sweep. Cited on: data-methods.html (1 refs). Title derived from the URL slug, confirm against the page before external citation. | Title read from the live page 2026-08-09.",https://web.archive.org/web/20260518160547/https://www.boozman.senate.gov/public/index.cfm/2026/4/boozman-holds-hearing-examining-fy27-budget-request-for-department-of-veterans-affairs
S095,Secy. Doug Collins Testifies on Veterans Affairs Priorities & Budget,C-SPAN,https://www.c-span.org/program/senate-committee/secy-doug-collins-testifies-on-veterans-affairs-priorities-budget/679573,2026-05-20,2026-08-09,hearing video,verified,verified,"Auto-registered 2026-08-08 during the N4 citation sweep. Cited on: data-methods.html, watch.html (2 refs). Title derived from the URL slug, confirm against the page before external citation. | Title read from the live page 2026-08-09.",https://web.archive.org/web/20260523170720/https://www.c-span.org/program/senate-committee/secy-doug-collins-testifies-on-veterans-affairs-priorities-budget/679573
S096,Veterans affairs secretary collins testifies on 2026 budget request / 679573,C-SPAN,https://www.c-span.org/program/senate-committee/veterans-affairs-secretary-collins-testifies-on-2026-budget-request/679573,,,hearing video,registered-needs-title-and-date,PENDING CITATION,"Auto-registered 2026-08-08 during the N4 citation sweep. Cited on: current-status.html, data-methods.html, news.html, timeline.csv, timeline.html, watch.html (8 refs). Title derived from the URL slug, confirm against the page before external citation.",https://web.archive.org/web/20260809202137/https://www.c-span.org/program/senate-committee/veterans-affairs-secretary-collins-testifies-on-2026-budget-request/679573
S097,Publication / 62209,Congressional Budget Office,https://www.cbo.gov/publication/62209,,,cost estimate,registered-needs-title-and-date,PENDING CITATION,"Auto-registered 2026-08-08 during the N4 citation sweep. Cited on: data-methods.html (1 refs). Title derived from the URL slug, confirm against the page before external citation.",https://web.archive.org/web/20260417161833/https://www.cbo.gov/publication/62209
S098,PLAW 119publ31,U.S. Congress,https://www.congress.gov/119/plaws/publ31/PLAW-119publ31.pdf,,,statute/bill,registered-needs-title-and-date,PENDING CITATION,"Auto-registered 2026-08-08 during the N4 citation sweep. Cited on: corrections.html, data-methods.html (2 refs). Title derived from the URL slug, confirm against the page before external citation.",https://web.archive.org/web/20260110150608/https://www.congress.gov/119/plaws/publ31/PLAW-119publ31.pdf
S099,PLAW 119publ37,U.S. Congress,https://www.congress.gov/119/plaws/publ37/PLAW-119publ37.pdf,,,statute/bill,registered-needs-title-and-date,PENDING CITATION,"Auto-registered 2026-08-08 during the N4 citation sweep. Cited on: corrections.html, data-methods.html (2 refs). Title derived from the URL slug, confirm against the page before external citation.",https://web.archive.org/web/20260812135040/https://www.congress.gov/119/plaws/publ37/PLAW-119publ37.pdf
S100,"H.R. 6047, Sharri Briley and Eric Edmundson Veterans Benefits Expansion Act of 2026, as engrossed in the House","U.S. Government Publishing Office, govinfo",https://www.govinfo.gov/content/pkg/BILLS-119hr6047eh/html/BILLS-119hr6047eh.htm,2026-05-21,2026-08-26,bill text,verified,VERIFIED,"Read in full from the GPO text 2026-08-26, replacing an auto-registered stub whose title was derived from a congress.gov URL slug and which carried no date. VERSIONS DIFFER AND THE DIFFERENCE MATTERS: the introduced text (BILLS-119hr6047ih, 2025-11-17, titled Act of 2025) amended 38 U.S.C. 3729(c), the fee WAIVER, to permit charging the fee to a veteran receiving compensation for a disability rated at 70 percent or less. That provision is gone from every later version. The engrossed text registered here, passed by the House 2026-05-21, amends the 3729(b)(2) loan fee table instead: strike June 9 2034 each place it appears and insert September 30 2036; in subparagraph (E) strike 0.50 both places and insert 1.42; in subparagraph (I) strike 0.50 each place and insert 1.0. Per 38 U.S.C. 3729(b)(2), (E) is the interest rate reduction refinancing loan and (I) is a loan assumption under section 3714. The strings 70 percent and 3729(c) appear ZERO times in the engrossed text. The reported text (2026-04-02) carries (E) at 1.40, not 1.42, so the version cited must always be named. SEC. 5(c)(3) adds a new 3729(b)(4)(J) adding 1.00 to the table percentage for certain Guard and Reserve eligibility. congress.gov returns ROBOTS_DISALLOWED to scripted fetches; govinfo served all four versions.",https://web.archive.org/web/20260710191945/https://www.govinfo.gov/content/pkg/BILLS-119hr6047eh/html/BILLS-119hr6047eh.htm
S101,History,U.S. Congress,https://www.congress.gov/bill/119th-congress/house-bill/984/history,,,statute/bill,registered-needs-title-and-date,PENDING CITATION,"Auto-registered 2026-08-08 during the N4 citation sweep. Cited on: data-methods.html, watch.html (2 refs). Title derived from the URL slug, confirm against the page before external citation.",https://web.archive.org/web/20260829191820/https://www.congress.gov/bill/119th-congress/house-bill/984/history
S102,Text,U.S. Congress,https://www.congress.gov/bill/119th-congress/senate-bill/3793/text,,,statute/bill,registered-needs-title-and-date,PENDING CITATION,"Auto-registered 2026-08-08 during the N4 citation sweep. Cited on: data-methods.html, watch.html (2 refs). Title derived from the URL slug, confirm against the page before external citation.",https://web.archive.org/web/20260829231719/https://www.congress.gov/bill/119th-congress/senate-bill/3793/text
S103,12 CFR 1024.35 - Error resolution procedures,Electronic Code of Federal Regulations,https://www.ecfr.gov/current/title-12/section-1024.35,,2026-08-09,regulation,verified-needs-date,PENDING DATE,"Auto-registered 2026-08-08 during the N4 citation sweep. Cited on: the-script.html (1 refs). Title derived from the URL slug, confirm against the page before external citation. | Title read from the live page 2026-08-09. | Title corrected by hand; the automated cleaner had truncated it.",
S104,38 CFR 36.4809 -- Expiration of the COVID-19 Veterans Assistance Partial Claim Payment program.,Electronic Code of Federal Regulations,https://www.ecfr.gov/current/title-38/chapter-I/part-36/subpart-F/section-36.4809,,2026-08-09,regulation,verified-needs-date,PENDING DATE,"Auto-registered 2026-08-08 during the N4 citation sweep. Cited on: timeline.csv (1 refs). Title derived from the URL slug, confirm against the page before external citation. | Title read from the live page 2026-08-09.",https://web.archive.org/web/20250310130515/https://www.ecfr.gov/current/title-38/chapter-I/part-36/subpart-F/section-36.4809
S105,38 CFR 36.4315 - Loan modifications,Electronic Code of Federal Regulations,https://www.ecfr.gov/current/title-38/section-36.4315,,2026-08-09,regulation,verified-needs-date,PENDING DATE,"Auto-registered 2026-08-08 during the N4 citation sweep. Cited on: the-script.html (1 refs). Title derived from the URL slug, confirm against the page before external citation. | Title read from the live page 2026-08-09. | Title corrected by hand; the automated cleaner had truncated it.",
S106,38 CFR 36.4319 -- Servicer loss-mitigation options and incentives.,Electronic Code of Federal Regulations,https://www.ecfr.gov/current/title-38/section-36.4319,,2026-08-09,regulation,verified-needs-date,PENDING DATE,"Auto-registered 2026-08-08 during the N4 citation sweep. Cited on: the-script.html (1 refs). Title derived from the URL slug, confirm against the page before external citation. | Title read from the live page 2026-08-09.",
S107,38 CFR 36.4350 - Servicing procedures for holders,Electronic Code of Federal Regulations,https://www.ecfr.gov/current/title-38/section-36.4350,,2026-08-09,regulation,verified-needs-date,PENDING DATE,"Auto-registered 2026-08-08 during the N4 citation sweep. Cited on: the-script.html (1 refs). Title derived from the URL slug, confirm against the page before external citation. | Title read from the live page 2026-08-09. | Title corrected by hand; the automated cleaner had truncated it.",
S108,38 CFR 36.4803 -- General requirements of the COVID-19 Veterans Assistance Partial Claim Payment program.,Electronic Code of Federal Regulations,https://www.ecfr.gov/current/title-38/section-36.4803,,2026-08-09,regulation,verified-needs-date,PENDING DATE,"Auto-registered 2026-08-08 during the N4 citation sweep. Cited on: news.html, the-script.html, timeline.html (3 refs). Title derived from the URL slug, confirm against the page before external citation. | Title read from the live page 2026-08-09.",
S109,Elizabeth Dole Foundation applauds House passage of the Sharri Briley and Eric Edmundson Veterans Benefits Expansion Act,Elizabeth Dole Foundation,https://www.elizabethdolefoundation.org/news/elizabeth-dole-foundation-applauds-house-passage-of-the-sharri-briley-and-eric-edmundson-veterans-benefits-expansion-act,,2026-08-09,organisation statement,verified-needs-date,PENDING DATE,"Auto-registered 2026-08-08 during the N4 citation sweep. Cited on: data-methods.html, the-script.html (2 refs). Title derived from the URL slug, confirm against the page before external citation. | Title read from the live page 2026-08-09.",https://web.archive.org/web/20260523153030/https://www.elizabethdolefoundation.org/news/elizabeth-dole-foundation-applauds-house-passage-of-the-sharri-briley-and-eric-edmundson-veterans-benefits-expansion-act
S110,VA Health Care: Efforts to Assess Mental Health Support for Veteran Caregiver Program Need Strengthening (GAO-26-108070),Government Accountability Office,https://www.gao.gov/products/gao-26-108070,2026-04-16,2026-08-21,oversight report,verified,verified,"Auto-registered 2026-08-08 during the N4 citation sweep. Cited on: data-methods.html, policy.html (2 refs). Title derived from the URL slug, confirm against the page before external citation. Title and publication date read 2026-08-21 from this row's own Wayback capture; gao.gov returns 403 to direct fetch.",https://web.archive.org/web/20260502222454/https://www.gao.gov/products/gao-26-108070
S111,VA Health Care: Recommendations and Observations to Improve Community Care and Support for Caregivers Related to the Dole Act (GAO-26-108943),Government Accountability Office,https://www.gao.gov/products/gao-26-108943,2026-03-04,2026-08-21,oversight report,verified,verified,"Auto-registered 2026-08-08 during the N4 citation sweep. Cited on: data-methods.html, policy.html (2 refs). Title derived from the URL slug, confirm against the page before external citation. Title and publication date read 2026-08-21 from this row's own Wayback capture; gao.gov returns 403 to direct fetch.",https://web.archive.org/web/20260616181742/https://www.gao.gov/products/gao-26-108943
S112,House Report 119-104,U.S. Government Publishing Office,https://www.govinfo.gov/content/pkg/CRPT-119hrpt104/html/CRPT-119hrpt104.htm,,2026-08-09,committee report,verified-needs-date,PENDING DATE,"Auto-registered 2026-08-08 during the N4 citation sweep. Cited on: corrections.html, sources.csv (2 refs). Title derived from the URL slug, confirm against the page before external citation. | Title read from the live page 2026-08-09.",https://web.archive.org/web/20260727151906/https://www.govinfo.gov/content/pkg/CRPT-119hrpt104/html/CRPT-119hrpt104.htm
S113,"Trump's big promise for veteran housing is AWOL in VA budget proposal, mystifying vets",Los Angeles Times,https://www.latimes.com/california/story/2026-04-22/trumps-big-promise-for-veteran-housing-is-awol-in-va-budget-proposal-mystifying-vets,2026-04-22,2026-08-09,news,verified,verified,"Auto-registered 2026-08-08 during the N4 citation sweep. Cited on: data-methods.html, evidence.html (2 refs). Title derived from the URL slug, confirm against the page before external citation. | Title read from the live page 2026-08-09.",https://web.archive.org/web/20260423141854/https://www.latimes.com/california/story/2026-04-22/trumps-big-promise-for-veteran-housing-is-awol-in-va-budget-proposal-mystifying-vets
S114,Legion weighs in on multiple pieces of veteran-friendly legislation,The American Legion,https://www.legion.org/information-center/news/legislative/2025/december/legion-weighs-in-on-multiple-pieces-of-veteran-friendly-legislation,,2026-08-09,organisation statement,verified-needs-date,PENDING DATE,"Auto-registered 2026-08-08 during the N4 citation sweep. Cited on: data-methods.html, the-script.html (2 refs). Title derived from the URL slug, confirm against the page before external citation. | Title read from the live page 2026-08-09.",https://web.archive.org/web/20260520220734/https://www.legion.org/information-center/news/legislative/2025/december/legion-weighs-in-on-multiple-pieces-of-veteran-friendly-legislation
S115,The Justice Gap: Measuring the Unmet Civil Legal Needs of Low-income Americans,Legal Services Corporation,https://www.lsc.gov/about-lsc/what-legal-aid/unmet-need-legal-aid/justice-gap-measuring-unmet-civil-legal-needs-low,2017,2026-08-18,analysis,verified,verified,"Auto-registered 2026-08-08 during the N4 citation sweep. Cited on: data-methods.html (1 refs). Title derived from the URL slug, confirm against the page before external citation. | Title read from the live page 2026-08-09. | Published 2017. Date supplied by Leann 2026-08-18; the row already held the correct LSC URL, so the date was the only thing outstanding.",https://web.archive.org/web/20260708175009/https://www.lsc.gov/about-lsc/what-legal-aid/unmet-need-legal-aid/justice-gap-measuring-unmet-civil-legal-needs-low
S116,New VA Mortgage Assistance Program Warning for Veterans Facing Foreclosure,www.military.com,https://www.military.com/new-va-mortgage-assistance-program-warning-for-veterans-facing-foreclosure,2026-06-19,2026-08-09,web,verified,verified,"Auto-registered 2026-08-08 during the N4 citation sweep. Cited on: current-status.html, news.html, timeline.csv, timeline.html (4 refs). Title derived from the URL slug, confirm against the page before external citation. | Title read from the live page 2026-08-09.",https://web.archive.org/web/20260715022713/https://www.military.com/new-va-mortgage-assistance-program-warning-for-veterans-facing-foreclosure
S118,Ar AA22DeJG,MSN,https://www.msn.com/en-us/politics/government/rep-van-orden-discusses-veterans-and-va-challenges-at-roundtable/ar-AA22DeJG,,,news,registered-needs-title-and-date,PENDING CITATION,"Auto-registered 2026-08-08 during the N4 citation sweep. Cited on: data-methods.html (1 refs). Title derived from the URL slug, confirm against the page before external citation.",https://web.archive.org/web/20260809202927/https://www.msn.com/en-us/politics/government/rep-van-orden-discusses-veterans-and-va-challenges-at-roundtable/ar-AA22DeJG
S119,"After Duffy Refuses to Answer Basic Ethics Questions in Angry Outburst at Senate Hearing, Senator Murray Calls for Inspector General to Investigate Duffy’s Corporate-Sponsored Road ",Office of Sen. Patty Murray,https://www.murray.senate.gov/after-duffy-refuses-to-answer-basic-ethics-questions-in-angry-outburst-at-senate-hearing-senator-murray-calls-for-inspector-general-to-investigate-duffys-corporate-sponsored-road-trip,2026-05-20,2026-08-09,member press release,verified,verified,"Auto-registered 2026-08-08 during the N4 citation sweep. Cited on: data-methods.html (1 refs). Title derived from the URL slug, confirm against the page before external citation. | Title read from the live page 2026-08-09.",https://web.archive.org/web/20260809202959/https://www.murray.senate.gov/after-duffy-refuses-to-answer-basic-ethics-questions-in-angry-outburst-at-senate-hearing-senator-murray-calls-for-inspector-general-to-investigate-duffys-corporate-sponsored-road-trip/
S120,VA Must Pause Foreclosures Until New Mortgage Assistance Program Is Accessible,National Consumer Law Center,https://www.nclc.org/va-must-pause-foreclosures-until-new-mortgage-assistance-program-is-accessible,2026-06-15,2026-08-09,analysis,verified,verified,"Auto-registered 2026-08-08 during the N4 citation sweep. Cited on: action.html, current-status.html, evidence.html, news.csv, news.html, timeline.csv (9 refs). Title derived from the URL slug, confirm against the page before external citation. | Title read from the live page 2026-08-09.",https://web.archive.org/web/20260618070531/https://www.nclc.org/va-must-pause-foreclosures-until-new-mortgage-assistance-program-is-accessible/
S121,"Are you a veteran pushed into a higher-cost VA loan, or at risk of foreclosure?",NPR,https://www.npr.org/2023/11/10/1212408194/military-veteran-mortgage-foreclosure-covid-forbearance,2023-11-10,2026-08-09,news,verified,verified,"Auto-registered 2026-08-08 during the N4 citation sweep. Cited on: data-methods.html, for-reporters.html (2 refs). Title derived from the URL slug, confirm against the page before external citation. | Title read from the live page 2026-08-09.",https://web.archive.org/web/20260801201323/https://www.npr.org/2023/11/10/1212408194/military-veteran-mortgage-foreclosure-covid-forbearance
S122,Thousands of vets fell victim to a bait-and-switch...by the VA? Lawmakers want a fix,NPR,https://www.npr.org/2024/02/17/1231837200/veterans-mortgage-va-covid-forbearance,2024-02-17,2026-08-09,news,verified,verified,"Auto-registered 2026-08-08 during the N4 citation sweep. Cited on: for-reporters.html, news.csv, news.html (3 refs). Title derived from the URL slug, confirm against the page before external citation. | Title read from the live page 2026-08-09.",https://web.archive.org/web/20251211073534/https://www.npr.org/2024/02/17/1231837200/veterans-mortgage-va-covid-forbearance
S123,Veterans mortgage foreclosure va loan,NPR,https://www.npr.org/2025/04/02/nx-s1-5345519/veterans-mortgage-foreclosure-va-loan,,2026-08-13,news,dead-no-archive,LINK DEAD,"Auto-registered 2026-08-08 during the N4 citation sweep. VERIFIED DEAD 2026-08-13: the URL returns 404 and the Wayback availability API reports no snapshot, so this citation cannot be checked by anyone. Row kept as a record of what was cited. Live citations moved to S002, the same reporters on the same subject, verified and archived. This URL is also carried in leann-workflow-enforcer section 2 as required outreach content and needs replacing there.",
S124,"Abrupt End of VASP Program Leaves Veterans, Families at Risk of Home Loss",Center for Responsible Lending,https://www.responsiblelending.org/media/abrupt-end-vasp-program-leaves-veterans-families-risk-home-loss,2025-05-01,2026-08-09,analysis,verified,verified,"Auto-registered 2026-08-08 during the N4 citation sweep. Cited on: data-methods.html, evidence.html (2 refs). Title derived from the URL slug, confirm against the page before external citation. | Title read from the live page 2026-08-09.",https://web.archive.org/web/20260716045244/https://www.responsiblelending.org/media/abrupt-end-vasp-program-leaves-veterans-families-risk-home-loss
S125,Veterans Are Facing a Housing Crisis. Trump Is Making It Worse,"Rolling Stone, by Michael Embrich",https://www.rollingstone.com/politics/political-commentary/veterans-housing-crisis-trump-1235248932,2026-04-11,,news,verified,VERIFIED,"Auto-registered 2026-08-08 during the N4 citation sweep. Cited on: data-methods.html, evidence.html (2 refs). Title derived from the URL slug, confirm against the page before external citation.",
S126,Congress Is debating the details. Our military families are living the consequences.,Stars and Stripes,https://www.stripes.com/opinion/2026-05-18/sharri-briley-and-eric-edmundson-veterans-benefits-expansion-act-21707956.html,2026-05-18,2026-08-09,news,verified,verified,"Auto-registered 2026-08-08 during the N4 citation sweep. Cited on: data-methods.html, the-script.html, watch.html (3 refs). Title derived from the URL slug, confirm against the page before external citation. | Title read from the live page 2026-08-09.",https://web.archive.org/web/20260523181322/https://www.stripes.com/opinion/2026-05-18/sharri-briley-and-eric-edmundson-veterans-benefits-expansion-act-21707956.html
S127,Bill to increase benefits for critically wounded veterans hits a roadblock: Who will pay for it?,Stars and Stripes,https://www.stripes.com/veterans/2025-12-03/house-committee-critically-wounded-veterans-19970728.html,2025-12-03,2026-08-09,news,verified,verified,"Auto-registered 2026-08-08 during the N4 citation sweep. Cited on: data-methods.html (1 refs). Title derived from the URL slug, confirm against the page before external citation. | Title read from the live page 2026-08-09.",https://web.archive.org/web/20260617061633/https://www.stripes.com/veterans/2025-12-03/house-committee-critically-wounded-veterans-19970728.html
S128,House passes 2027 VA budget and funding for military construction projects,Stars and Stripes,https://www.stripes.com/veterans/2026-05-18/va-budget-military-construction-projects-21709807.html,2026-05-18,2026-08-09,news,verified,verified,"Auto-registered 2026-08-08 during the N4 citation sweep. Cited on: data-methods.html (1 refs). Title derived from the URL slug, confirm against the page before external citation. | Title read from the live page 2026-08-09.",https://web.archive.org/web/20260520023308/https://www.stripes.com/veterans/2026-05-18/va-budget-military-construction-projects-21709807.html
S129,2 high-profile veterans bills move toward a final House vote,Stars and Stripes,https://www.stripes.com/veterans/2026-05-19/house-bills-veterans-benefits-gun-rights-21722764.html,2026-05-19,2026-08-09,news,verified,verified,"Auto-registered 2026-08-08 during the N4 citation sweep. Cited on: data-methods.html, watch.html (2 refs). Title derived from the URL slug, confirm against the page before external citation. | Title read from the live page 2026-08-09.",https://web.archive.org/web/20260624181655/https://www.stripes.com/veterans/2026-05-19/house-bills-veterans-benefits-gun-rights-21722764.html
S130,House Democrats move to force a vote on Major Richard Star Act,Stars and Stripes,https://www.stripes.com/veterans/2026-05-21/takano-discharge-petition-richard-star-act-21743988.html,2026-05-21,2026-08-09,news,verified,verified,"Auto-registered 2026-08-08 during the N4 citation sweep. Cited on: data-methods.html (1 refs). Title derived from the URL slug, confirm against the page before external citation. | Title read from the live page 2026-08-09.",https://web.archive.org/web/20260716181902/https://www.stripes.com/veterans/2026-05-21/takano-discharge-petition-richard-star-act-21743988.html
S131,The End of a Veterans Affairs Program Could Put Military Borrowers at Risk of Foreclosure,Urban Institute,https://www.urban.org/urban-wire/end-veterans-affairs-program-could-put-military-borrowers-risk-foreclosure,,2026-08-09,analysis,verified-needs-date,PENDING DATE,"Auto-registered 2026-08-08 during the N4 citation sweep. Cited on: data-methods.html, evidence.html (2 refs). Title derived from the URL slug, confirm against the page before external citation. | Title read from the live page 2026-08-09.",https://web.archive.org/web/20260428155536/https://www.urban.org/urban-wire/end-veterans-affairs-program-could-put-military-borrowers-risk-foreclosure
S132,"VA announces new program to help more than 40,000 Veterans stay in their homes | VA Wilmington health care",U.S. Department of Veterans Affairs,https://www.va.gov/wilmington-health-care/news-releases/va-announces-new-program-to-help-more-than-40000-veterans-stay-in-their-homes,2024-04-10,2026-08-09,agency press release,verified,verified,"Auto-registered 2026-08-08 during the N4 citation sweep. Cited on: timeline.csv (1 refs). Title derived from the URL slug, confirm against the page before external citation. | Title read from the live page 2026-08-09.",https://web.archive.org/web/20260415134805/https://www.va.gov/wilmington-health-care/news-releases/va-announces-new-program-to-help-more-than-40000-veterans-stay-in-their-homes/
S133,7D72EC12 57AB 4AF5 8DC8 E213A4350D8B,Senate Veterans' Affairs Committee,https://www.veterans.senate.gov/services/files/7D72EC12-57AB-4AF5-8DC8-E213A4350D8B,,,committee document,registered-needs-title-and-date,PENDING CITATION,"Auto-registered 2026-08-08 during the N4 citation sweep. Cited on: data-methods.html, evidence.html (2 refs). Title derived from the URL slug, confirm against the page before external citation.",https://web.archive.org/web/20250806002757/https://www.veterans.senate.gov/services/files/7D72EC12-57AB-4AF5-8DC8-E213A4350D8B
S134,Pending Legislation,Veterans of Foreign Wars,https://www.vfw.org/advocacy/national-legislative-service/congressional-testimony/2025/12/pending-legislation,,2026-08-09,testimony,verified-needs-date,PENDING DATE,"Auto-registered 2026-08-08 during the N4 citation sweep. Cited on: data-methods.html, the-script.html (2 refs). Title derived from the URL slug, confirm against the page before external citation. | Title read from the live page 2026-08-09.",https://web.archive.org/web/20260617061633/https://www.vfw.org/advocacy/national-legislative-service/congressional-testimony/2025/12/pending-legislation
S135,"Scanlon and Takano on the bill's impact on veteran home loan costs (House Rules Committee, Jun 23 2026)",Forbes Breaking News,https://www.youtube.com/watch?v=H5YB_fGT_g0,2026-06-23,2026-08-18,video,verified,verified,"Rules Committee hearing on the Take Care of America's Veterans Act. Takano, on the record two days before the June 25 hearing: ""I'm disappointed that the majority canceled an economic opportunity subcommittee hearing on this very issue... we had a plan to have witnesses testify about the eminent danger they are of losing their homes."" Independent corroboration of the first cancellation, and it states WHY the witnesses mattered, which congress.gov (S167) does not. Also: the fee increase falls on active-duty service members' loans. Title and date supplied by Leann 2026-08-18; the row previously carried the URL slug ""Watch"" and status registered-needs-title-and-date. DATED FIGURE: carries the 10,000 count current at the time. The project's lead figure is 15,000+ (Blumenthal, SVAC, 2026-05-20). This citation is accurate AS DATED and must not be corrected upward.",https://web.archive.org/web/20260624013921/https://www.youtube.com/watch?v=H5YB_fGT_g0
S136,Watch,YouTube,https://www.youtube.com/watch?v=Lr-yoczAGa8,,,video,registered-needs-title-and-date,PENDING CITATION,"Auto-registered 2026-08-08 during the N4 citation sweep. Cited on: data-methods.html, watch.html (2 refs). Title derived from the URL slug, confirm against the page before external citation.",https://web.archive.org/web/20260809203317/https://www.youtube.com/watch?v=Lr-yoczAGa8
S137,Watch,YouTube,https://www.youtube.com/watch?v=NMSBSksqBbs,,,video,registered-needs-title-and-date,PENDING CITATION,"Auto-registered 2026-08-08 during the N4 citation sweep. Cited on: data-methods.html, evidence.html (2 refs). Title derived from the URL slug, confirm against the page before external citation.",
S138,Watch,YouTube,https://www.youtube.com/watch?v=byiXIo37Xbk,,,video,registered-needs-title-and-date,PENDING CITATION,"Auto-registered 2026-08-08 during the N4 citation sweep. Cited on: data-methods.html, evidence.html, policy.html (3 refs). Title derived from the URL slug, confirm against the page before external citation.",https://web.archive.org/web/20260616181737/https://www.youtube.com/watch?v=byiXIo37Xbk
S139,Watch,YouTube,https://www.youtube.com/watch?v=nnVDvUL3Jis,,,video,registered-needs-title-and-date,PENDING CITATION,"Auto-registered 2026-08-08 during the N4 citation sweep. Cited on: data-methods.html, policy.html (2 refs). Title derived from the URL slug, confirm against the page before external citation.",https://web.archive.org/web/20260521023014/https://www.youtube.com/watch?v=nnVDvUL3Jis&t=29s
S140,"Rules Committee Hearing H.R.1041, H.R.6047, H.R.1329",U.S. House Committee on Rules (HouseRules),https://www.youtube.com/watch?v=rxQYH3Ixlvs,2026-05-19,2026-08-30,video,verified,verified,"Auto-registered 2026-08-08 during the N4 citation sweep with the URL slug as its title. Title, publisher and stream date confirmed against the video page 2026-08-30. Cited on: data-methods.html, the-script.html, watch.html (4 refs). CAUTION: the only transcript held is YouTube's automatic captions, saved as excerpts at _CURRENT_DOCS\Transcripts_May19-20\HouseRules_5-19-26_HR6047_VA-EXCERPTS.md. Timestamps are reliable, wording is not; confirm any quotation against the audio before external use. CAUTION LIFTED 2026-09-02 BY LEANN, WHOSE CALL IT IS: ""we already reviewed/verified the video clips and transcripts."" She is the person the caution was waiting for. The wording below is cleared for publication. The caution text is kept above rather than deleted, because a reader needs to know the transcript's origin is auto-captions and that a human confirmed it, not that it was always certified. A SESSION THAT READS THE CAUTION AND RE-RAISES THE BLOCK HAS FOUND THIS DECISION, NOT A DEFECT.",https://web.archive.org/web/20260521023701/https://www.youtube.com/watch?v=rxQYH3Ixlvs
S141,Watch,YouTube,https://www.youtube.com/watch?v=vPP-LzMIpLM,,,video,registered-needs-title-and-date,PENDING CITATION,"Auto-registered 2026-08-08 during the N4 citation sweep. Cited on: data-methods.html (1 refs). Title derived from the URL slug, confirm against the page before external citation.",https://web.archive.org/web/20260809203502/https://www.youtube.com/watch?v=vPP-LzMIpLM
S142,AYOZezavoTQ,YouTube,https://youtu.be/AYOZezavoTQ,,,video,registered-needs-title-and-date,PENDING CITATION,"Auto-registered 2026-08-08 during the N4 citation sweep. Cited on: watch.html (1 refs). Title derived from the URL slug, confirm against the page before external citation.",
S143,SiXAagTOA8w,YouTube,https://youtu.be/SiXAagTOA8w,,,video,registered-needs-title-and-date,PENDING CITATION,"Auto-registered 2026-08-08 during the N4 citation sweep. Cited on: watch.html (1 refs). Title derived from the URL slug, confirm against the page before external citation.",
S144,How We Investigated Racial Disparities in Federal Mortgage Data,The Markup,https://themarkup.org/show-your-work/2021/08/25/how-we-investigated-racial-disparities-in-federal-mortgage-data,2021-08-25,2026-08-14,investigation-methodology,verified,verified,"Section VI Industry Response names Freedom Mortgage Corporation as one of seven lenders contacted over the largest disparities. Freedom's response: reducing the homeownership gap for applicants of color through government-backed loans, down payment assistance programs, manual underwriting, and other tools. LIMITS: the analysis deliberately excluded VA and FHA loans, so it is not evidence about VA loan servicing; and the quote is Freedom disputing the finding. Its evidentiary value is the company's own chosen public posture on government-backed lending. Verified against the source document 2026-08-14, not via a summary.",
S145,"Loan Guaranty: COVID-19 Veterans Assistance Partial Claim Payment Program (final rule, 86 FR 28692)",Federal Register (Department of Veterans Affairs),https://www.federalregister.gov/documents/2021/05/28/2021-11373/loan-guaranty-covid-19-veterans-assistance-partial-claim-payment-program,2021-05-28,2026-08-17,regulation,verified,verified,"Registered 2026-08-17 for T002. Cited in the record as 86 FR 28708, a page within this document, which begins at 86 FR 28692. Establishes 38 CFR 36.4809; subsection (c) carries the program expiration. Verified 2026-08-17 via federalregister.gov citation lookup (cloud container).",
S146,"VA announces new program to help more than 40,000 Veterans stay in their homes",U.S. Department of Veterans Affairs,https://www.va.gov/wilmington-health-care/news-releases/va-announces-new-program-to-help-more-than-40000-veterans-stay-in-their-homes/,2024-04-10,2026-08-17,agency press release,verified,verified,"Registered 2026-08-17 for T024. Title and date read from the live page 2026-08-17 (cloud container fetch). VASP announcement; the 40,000 figure is VA's own.",
S147,"VA calls for extension of Veteran foreclosure moratorium through Dec. 31, 2024",U.S. Department of Veterans Affairs,https://news.va.gov/press-room/va-calls-for-extension-of-veteran-foreclosure-moratorium-through-dec-31-2024/,2024-05-29,2026-08-17,agency press release,verified,verified,"Registered 2026-08-17 for T028. T028's prior citation string carried a year typo, 2026-05-29; the release is dated May 29, 2024. Title, date and the Jacobs quote confirmed from the live page 2026-08-17.",
S148,"VA Manual M26-4, Transmittal Sheet, Change 14","U.S. Department of Veterans Affairs, VBA Loan Guaranty Service",https://www.knowva.ebenefits.va.gov/system/templates/selfservice/va_ssnew/help/customer/locale/en-US/portal/554400000001018/content/554400000324998/VA-Manual-M26-4-Transmittal-Sheet-Change-14,2026-06-01,2026-08-17,agency manual,verified,verified,"Registered 2026-08-17 for the Evidence receipt card. Implementation sentence verbatim: available and live June 15, 2026; full implementation expected no later than 180 days from publication of the final policy (dated June 1, 2026). Local capture receipt_m26-4-transmittal-change14.png (2026-08-09) and source PDF in the receipts library. Signed Patrick J. Zondervan, Executive Director, Loan Guaranty Service. | 2026-08-18: shares its KnowVA portal URL with S013. Not a duplicate - KnowVA serves the chapter and its transmittal sheet from one address. Do not merge.",
S149,"VA Servicer Handbook M26-4 Chapter 22, VA Partial Claim, DRAFT",U.S. Dept. of Veterans Affairs,https://www.benefits.va.gov/HOMELOANS/drafting-table/draft-documents/m26-4-chapter-22-partial-claim-draft.pdf,2026-02,2026-08-18,agency draft,verified,verified,"Published on VA's Drafting Table for public comment. Document is dated ""February XX, 2026""; the XX is unfilled in VA's own published draft. Draft 22.02 a.7(a) reads: ""If the loan has been modified, the borrower must also have made at least six (6) monthly payments since the most recent modification."" The June 1 2026 final replaced this with a flat 24-month lockout. Read directly 2026-08-18.",
S150,"VA Servicer Handbook M26-4 Chapter 5, Loss Mitigation, DRAFT",U.S. Dept. of Veterans Affairs,https://www.benefits.va.gov/HOMELOANS/drafting-table/draft-documents/m26-4-chapter-5-loss-mitigation-draft.pdf,2026-02,2026-08-18,agency draft,verified,verified,Companion draft chapter published on VA's Drafting Table for the same comment period. NOT yet read in full; registered as the citable artifact for the draft waterfall and modification terms.,
S151,"Pub. L. 119-31, VA Home Loan Program Reform Act, enacted text",U.S. Government Publishing Office,https://www.govinfo.gov/content/pkg/PLAW-119publ31/html/PLAW-119publ31.htm,2025-07-30,2026-08-18,statute,verified,verified,"Enacted text. Sec 2(a)(3) creates 38 U.S.C. 3732(d), including ""The Secretary may not purchase an entire such loan until the veteran has completed such sequence."" Sec 2(b)(3) creates 3720(h) in its original form: the Secretary ""may not take any action under paragraph (2), (3), (4), or (5) of subsection (a) ... before the completion of the sequence of mitigation options."" S010 is the congress.gov bill page; this is the statutory text a before-and-after comparison has to cite. SUBSECTION (c), THE PARTIAL CLAIM CEILING, verified 2026-08-22 against the codified text at 38 U.S.C. 3737: (c)(1)(A) sets the general ceiling at 25 percent of the unpaid principal balance. The 30 percent figure that travels in advocacy copy is NOT the general rule. It is an elevated carve-out at (c)(1)(B) for borrowers who missed payments on or after March 1 2020 and before May 1 2025, the COVID-era cohort. Cite the subsection or the number reads as universal when it is not. Also (c)(2)(A), one partial claim per loan, and (j), no partial claim after July 30 2030, five years from enactment.",
S152,"Pub. L. 119-37, div. G, title III, sec. 7307, enacted text",U.S. Government Publishing Office,https://www.govinfo.gov/content/pkg/PLAW-119publ37/html/PLAW-119publ37.htm,2025-11-12,2026-08-18,statute,verified,verified,"Sec 7307(a), ""Clarification of Relationship to Other Powers of Secretary"", amends 38 U.S.C. 3720(h). Sec 7307(b) to (e) amend 3737; (e) rewrites 3737(h) as ""Guidance in Advance of Regulations"". Pulled 2026-08-18; corrects T011, which had attributed the 3720(h) narrowing to (b) to (e). S019 is the Cornell mirror of 3737 as amended.",
S153,Pappas speaks out on behalf of veterans at risk of losing their homes,Office of Rep. Chris Pappas,https://pappas.house.gov/media/press-releases/pappas-speaks-out-on-behalf-of-veterans-at-risk-of-losing-their-homes,,2026-08-18,congressional statement,verified-needs-date,PENDING DATE,Supplied by Leann 2026-08-18. Date not yet read off the page; pub_date deliberately blank rather than guessed.,
S155,"Veterans, mortgages, foreclosure and the VA rescue program (NPR transcript)",NPR,https://www.npr.org/transcripts/nx-s1-5750814,2026-04-02,2026-08-18,news,verified,verified,Transcript of the same NPR report registered at S002. Registered separately because a transcript is quotable line by line where the article page is not. Leann participated in this report.,
S156,"""I don't know what comes next"": vets lose homes after cuts to loan program (MS NOW Weekend Primetime)",MS NOW,https://www.ms.now/the-weekend-primetime/watch/i-don-t-know-what-comes-next-vets-lose-homes-thanks-to-trump-cuts-to-loan-program-2496121411661,2026-04-12,2026-08-18,broadcast,verified,verified,Broadcast segment. Date taken from the Watch entry it sources. A broadcast has no stable document to archive; the register policy question for TV segments is still open on the board.,
S157,A Review of the President's Fiscal Year 2027 Budget Request for the Department of Veterans Affairs (hearing),"U.S. Senate Committee on Appropriations, Subcommittee on Military Construction, Veterans Affairs, and Related Agencies",https://www.appropriations.senate.gov/hearings/a-review-of-the-presidents-fiscal-year-2027-budget-request-for-the-department-of-veterans-affairs,2026-04-30,2026-08-18,hearing,verified,verified,"The hearing itself, parent to S094 which is Sen. Boozman's press release about it. Chair John Boozman presided. Sen. Ossoff is not named on this page; he is Ranking Member of the subcommittee, which makes attendance plausible and nothing more.",
S158,Pappas Denounces VA Decision to End Program Helping Veterans Stay in Their Homes,Office of Rep. Chris Pappas,https://pappas.house.gov/media/press-releases/pappas-denounces-va-decision-to-end-program-helping-veterans-stay-in-their-homes,2025-04-11,2026-08-18,press release,verified,verified,"Establishes House participation in the April 9 2025 letter, which is what makes it bicameral. Pappas 'joined' Takano, Blumenthal and Warren. Release dated two days after the letter.",
S159,WATCH: Sen. Ossoff Secures Commitment from VA Secretary Collins to Work on Preventing Veteran Foreclosure,Office of Sen. Jon Ossoff,https://www.ossoff.senate.gov/press-releases/watch-sen-ossoff-secures-commitment-from-va-secretary-collins-to-work-on-preventing-veteran-foreclosure/,2026-05-06,2026-08-18,press release,verified,verified,"Documents the exchange at the April 30 2026 MilCon-VA subcommittee hearing, S157. Release dated six days after the hearing. Neither the committee event page nor the chair's release names Ossoff, which is why this row exists: the member's own office is the primary source for what the member did.",
S160,Sen. Ossoff questions VA Secretary Collins on foreclosure and homelessness prevention (video),Office of Sen. Jon Ossoff,https://www.youtube.com/watch?v=4pfpeN4J0rE,2026-05-06,2026-08-18,video,verified,verified,"The exchange on video, linked from S159.",
S161,Ossoff Presses Doug Collins On Reports Of 'Retaliation And Intimidation' At VA Facility (video),Forbes Breaking News,https://www.youtube.com/watch?v=lQv6yHe5XVM,,2026-08-18,video,verified-needs-date,PENDING DATE,"The full Ossoff questioning at the Apr 30 2026 MilCon-VA subcommittee hearing, S157. Holds the foreclosure exchange verbatim in its first 35 seconds, including Collins's reply ""Yeah, we are and trying to find the right way to do that."" That wording is identical to the quotation carried by S159, the senator's own release, which is independent corroboration of both. Third-party channel upload; upload date not established, which is why the status is verified-needs-date rather than verified. Supplied by Leann 2026-08-18.",
S162,Maddow: U.S. military fights war on two fronts: Iran and Trump incompetence (Apr 6 2026 segment),"MS NOW (formerly MSNBC), The Rachel Maddow Show",https://www.youtube.com/watch?v=AdCNTqVPZgc,2026-04-06,2026-08-18,broadcast,verified,verified,"The segment itself, supplied by Leann 2026-08-18, covering widespread harm to veteran and active-duty families. Replaces the program landing page this row briefly held. URL checked from the machine: 200, no redirect.",
S164,"VFW statement on veteran foreclosures, Patrick Murray, National Legislative Service, Apr 21 2026",Veterans of Foreign Wars,https://www.vfw.org/advocacy/national-legislative-service,2026-04-21,2026-08-18,organisation statement,verified-needs-url,PENDING LINK,"The URL held is the VFW National Legislative Service landing page, not the statement itself. From VFC_Watch_Pairings_2026-08-17.md entry 16. A search on 2026-08-18 did not isolate the statement's own page; that is a retrieval outcome, not evidence it does not exist. Replace the URL when the statement page or testimony PDF is located.",
S165,"H.R. 9379, Affordable Homes for Veterans Act of 2026","U.S. Congress (119th), Rep. Eugene Vindman",https://www.congress.gov/bill/119th-congress/house-bill/9379,2026,2026-08-18,statute/bill,verified,verified,"Sets a 45-day review deadline for complete VA loan-assumption applications with Inspector General oversight. One document covering three separate lines on the Vindman position card. Full text also held offline as 'Congressional Hearing + Testimony\Affordable Homes for Veterans Act of 2026.pdf', 2026-06-21. URL checked from the machine: 200, no redirect.",
S166,"S. 4744, Senate companion to the Take Care of America's Veterans Act","U.S. Congress (119th), U.S. Senate",https://www.congress.gov/bill/119th-congress/senate-bill/4744,2026,2026-08-18,statute/bill,verified,verified,"Senate companion to H.R. 9237. Carries the bill and its cosponsor list together, which is what the SVAC card's Moran co-sponsorship line needs. URL supplied by Leann 2026-08-18 and checked from the machine: 200, no redirect.",
S167,"HVAC legislative hearing, docket including the Affordable Homes for Veterans Act of 2026, marked postponed on congress.gov",U.S. House Committee on Veterans' Affairs via congress.gov,https://www.congress.gov/event/119th-congress/house-event/119402,2026,2026-08-18,committee document,verified,verified,"Evidences the FIRST postponement of the family-witness legislative hearing. Docket also carried H.R. 5992 Stuck on Hold Act and H.R. 8532 VA Home Loan Affordability Act. Verified by Leann in a browser 2026-08-18 and captured; vfc_url_check.py returned 403 from her machine, which is congress.gov bot-blocking our fetcher and says nothing about the page. Capture held in Downloads\VFC_receipts as the 2026-08-18 15-17-17 screenshot. NOTE: the SECOND cancellation is not on any public page - HVAC did not update its .gov site - and exists only in email from HVAC Majority held by Leann.",
S168,"Rep. Mark Takano, House floor remarks in opposition to H.R. 9237 (home loan fee increases during a foreclosure crisis)",Office of Rep. Mark Takano via Forbes Breaking News,https://www.youtube.com/watch?v=uuahMBqYH9Q,,2026-08-18,video,verified-needs-date,PENDING DATE,"Verbatim: ""The majority has decided that during a housing affordability crisis, it makes sense to raise costs on struggling veteran homeowners who are desperately trying to avoid foreclosure."" This is the source for the Watch card's claim that Takano carried the home loan fee increase into the FLOOR debate on H.R. 9237. Also records that the Mortgage Bankers Association opposes H.R. 9237, which is a later and separate fact from S009. Upload date not established, hence verified-needs-date; the floor debate is plausibly the same sitting as roll call 249 (S040, 2026-07-16) but that has NOT been confirmed and is not asserted. DATED FIGURE: carries the 10,000 count current at the time. The project's lead figure is 15,000+ (Blumenthal, SVAC, 2026-05-20). This citation is accurate AS DATED and must not be corrected upward.",
S169,"Rep. Mark Takano opening statement, House Rules Committee on H.R. 9237 (Jun 23 2026)",Forbes Breaking News,https://www.youtube.com/watch?v=Kca2ZqoAO0M,2026-06-23,2026-08-18,video,verified,verified,"Verbatim: the bill ""includes significant home loan fee increases for veterans and service members who are in financial distress"" and would ""make it unaffordable for veterans to stay in their homes during a foreclosure crisis."" Also records the process objection: ""no legislative process or markup on a massive 600 page bill."" Supplied by Leann 2026-08-18. DATED FIGURE: carries the 10,000 count current at the time. The project's lead figure is 15,000+ (Blumenthal, SVAC, 2026-05-20). This citation is accurate AS DATED and must not be corrected upward.",
S170,"Rep. Mark Takano, House floor remarks on veteran foreclosures (May 20 2026)",Office of Rep. Mark Takano via Forbes Breaking News,https://www.youtube.com/watch?v=5W7DkUPnums,2026-05-20,2026-08-18,video,verified,verified,"Verbatim: ""10,000 veterans have lost their home in the past year and tens of thousands more are set to be foreclosed on."" Ties the rise to the end of VASP and states that refinancing, the remaining option, becomes more expensive under this bill. Same day as the SVAC hearing that produced S001. Supplied by Leann 2026-08-18. DATED FIGURE: carries the 10,000 count current at the time. The project's lead figure is 15,000+ (Blumenthal, SVAC, 2026-05-20). This citation is accurate AS DATED and must not be corrected upward.",
S171,"HVAC Full Committee Oversight Hearing, February 11, 2026",House Committee on Veterans' Affairs,https://veterans.house.gov/calendar/eventsingle.aspx?EventID=7852,2026-02-11,2026-08-19,hearing,verified,verified,"HVAC Full Committee Oversight Hearing of 2026-02-11, where Sec. Collins told Rep. Pappas the partial claim 'should be done shortly'. Registered 2026-08-19 from the watch completeness audit; CONFIRMED BY LEANN 2026-08-19: the .gov event page opens and carries the hearing video (congress.gov committee stream recorded 2026-02-11 is the same recording; congress.gov blocks our fetcher, P11 - verify from a browser, not the machine).",
S172,"38 U.S.C. 3709, Refinancing of housing loans (recoupment, net tangible benefit, loan seasoning)",U.S. Congress / Cornell LII,https://www.law.cornell.edu/uscode/text/38/3709,2018,2026-08-21,statute,verified,verified,"The federal anti-churning conditions for VA refinances. Subsection (a) requires the lender to certify a recoupment period and that all fees and incurred costs are scheduled to be recouped on or before 36 months after loan issuance. Subsection (b) requires a net tangible benefit test, a rate not less than 50 basis points below the previous loan where a fixed rate replaces a fixed rate and 200 basis points where an adjustable rate replaces a fixed rate, and limits how discount points may produce the lower rate. Subsection (c) is the seasoning rule. Enacted as section 309 of Pub. L. 115-174, the Protecting Veterans from Predatory Lending Act, May 24 2018; seasoning amended by Pub. L. 116-33, July 25 2019, to measure 210 days from the first payment DUE date. The IRRRL audit worksheet verified this citation against law.cornell.edu on 2026-06-11; subsections (a), (b) and (c) re-read and confirmed verbatim 2026-08-21.",
S173,"38 CFR 36.4307, Interest rate reduction refinancing loan",U.S. Government / Cornell LII,https://www.law.cornell.edu/cfr/text/38/36.4307,,2026-08-21,regulation,verified-needs-date,PENDING DATE,"VA regulation for IRRRLs. Paragraph (a)(3) requires the new monthly principal and interest payment to be lower than the payment on the loan being refinanced. Paragraph (a)(4)(i) caps the new loan at the balance being refinanced plus closing costs authorized by 36.4313(d) and a discount not to exceed 2 percent of the loan amount. Both confirmed verbatim 2026-08-21. Publication date not established from the page itself; the source worksheet records the e-CFR credit as last substantively amended October 22 2010, which has NOT been independently confirmed here, hence verified-needs-date.",
S174,"VA Circular 26-19-22, Clarification and Updates to Policy Guidance for VA Interest Rate Reduction Refinance Loans (IRRRLs)","U.S. Department of Veterans Affairs, VBA",https://www.benefits.va.gov/HOMELOANS/documents/circulars/26_19_22.pdf,2019-08-08,2026-08-21,agency circular,verified,verified,"VA guidance implementing 38 U.S.C. 3709. Three passages confirmed verbatim 2026-08-21: on disclosure, Lenders should twice present the Veteran with a comparison of the refinance loan to the loan being refinanced; on rate reduction, the refinance loan interest rate must be not less than 0.50 percent (50 basis points) lower than the interest rate of the loan being refinanced; and on seasoning, Due to the nature of the loan seasoning requirement, remedial action is not possible in cases where the loan that was refinanced was not properly seasoned.",
S175,"Ginnie Mae APM 21-06, Seasoning Requirements for Refinances of Modified VA Loans, Policy Clarification",Government National Mortgage Association (Ginnie Mae),https://www.ginniemae.gov/memorandum/apm/seasoning-requirements-refinances-modified-va-loans-policy-clarification-apm-21-06,,,agency guidance,verified-needs-date,PENDING DATE,"CORRECTED 2026-09-04. The register called this APM 17-06; the memorandum itself reads APM 21-06. Title and number read off the document Leann downloaded on 2026-09-04, not off the URL slug. THE DATE IS CONTESTED AND IS DELIBERATELY NOT SET. The page prints ''Published Date: 06/15/2026'' but that cannot be the issue date: Ginnie Mae numbers APMs by year, this memo references APM 19-05 and the Protecting Affordable Mortgages for Veterans Act of 2019, and its own text sets ''an effective date of January 1, 2022''. A memorandum issued in June 2026 cannot set an effective date four years earlier. 06/15/2026 is a content-management republication timestamp. The real issue date is 2021 on the internal evidence and needs one primary confirmation before it is written here. WHAT THIS SOURCE CARRIES: refinances of a Modified VA Loan ARE subject to the Chapter 24 Part 2 Section A(3)(d) seasoning requirements, because the modified loan is treated as a new loan and must itself be seasoned before it can be refinanced and pooled.",
S176,"VA OIG Audit 18-03979-204, Oversight and Resolution of Home Loan Defaults",VA Office of Inspector General,https://www.vaoig.gov/reports/audit/oversight-and-resolution-home-loan-defaults,2019-09-30,2026-08-21,oversight report,verified,verified,"Confirmed from the OIG landing page 2026-08-21. Verbatim: The OIG found the Loan Guaranty Service did not always provide sufficient oversight to ensure borrowers in default received the needed assistance. And: The audit team estimated, based on a sample review of 200 loans, that 14 percent of loans had at least one oversight deficiency. Four recommendations, all Closed-Implemented, with closure dates September 30 2019, February 24 2020 (two) and June 23 2020. CORRECTION TO THE INTERNAL SOURCE: the private OIG quotes appendix records all four as closed June 23 2020; the dashboard on the landing page shows four different closure dates, the last of which is June 23 2020.",
S177,"VA OIG Management Advisory Memorandum 22-01290-237, VBA Has Opportunities to Further Incorporate I CARE Values When Planning, Implementing, or Overseeing Programs",VA Office of Inspector General,https://www.vaoig.gov/sites/default/files/reports/2022-12/VAOIG-22-01290-237.pdf,2022-12-08,2026-08-21,oversight report,verified,verified,"Confirmed from the OIG PDF 2026-08-21. Page 2, verbatim: VBA's well-intentioned focus on solving organizational challenges has, however, resulted in negative consequences for some veterans and their families. Page 7 records VBA's non-concurrence, verbatim: VBA strongly oppose[s] the implication that VBA did not always fully consider the effect organizational decisions would have on Veterans, beneficiaries, and their families. Advisory memorandum, no new recommendations. Cross-cutting across VBA, not a Loan Guaranty finding.",
S178,"VA OIG Audit 21-01295-149, Additional Measures Would Better Protect Borrowers from Risks Associated with Interest Rate Reduction Refinance Loans",VA Office of Inspector General,https://www.vaoig.gov/sites/default/files/reports/2023-08/VAOIG-21-01295-149.pdf,2023-08-23,2026-08-21,oversight report,verified,verified,"Confirmed from the OIG PDF 2026-08-21. Verbatim with pages: Prior to these new controls, LGY was unable to sufficiently ensure those three requirements were met (page ii); lenders did not comply, and LGY's controls were not sufficient for obtaining compliance (page iii); the OIG estimated that at least 3,200 FY 2020 borrowers were overcharged $1.6 million (page ii); approximately 18,400 of the FY 2020 borrowers (21 percent) were potentially overcharged a total of $3 million (page 19); In fiscal year (FY) 2020, VA reported a 598 percent increase in the number of IRRRLs from the previous year (page 1). The three requirements are fee recoupment, net tangible benefit and loan seasoning. Nine recommendations, VBA concurred with all nine.",
S179,AG Campbell Reaches $4.65 Million Settlement with Mortgage Loan Servicer for Unlawful Foreclosures and Deceptive Business Practices,Office of the Massachusetts Attorney General,https://www.mass.gov/news/ag-campbell-reaches-465-million-settlement-with-mortgage-loan-servicer-for-unlawful-foreclosures-and-deceptive-business-practices,2025-12-17,2026-08-21,agency press release,verified,verified,Confirmed 2026-08-21. Headline verbatim as the title above; subtitle verbatim: Violations Include Failure to Correctly Implement Covid-Era Protections. Settlement with Newrez LLC as successor by merger to Specialized Loan Servicing LLC. CORRECTION TO THE INTERNAL SOURCE: the private litigation memo renders the subtitle as Failure to Correctly Implement COVID-Era Protections; the published capitalisation is Covid-Era.,
S180,"Harrell v. Freedom Mortgage Corp., No. 19-1379 (4th Cir. Oct. 2, 2020), published opinion",U.S. Court of Appeals for the Fourth Circuit,https://www.ca4.uscourts.gov/opinions/191379.p.pdf,2020-10-02,2026-08-21,court opinion,verified,verified,"Confirmed from the court's own published PDF 2026-08-21. Verbatim holding on which servicer owes the escrow duty: the person responsible for servicing the mortgage at the time a payment is due must make that payment. The opinion ties the duty to the date the payment becomes due and reads timely manner under 12 C.F.R. 1024.17(k)(1) as on or before the deadline to avoid a penalty. NOTE ON THE INTERNAL SOURCE: the private litigation memo states the holding as a paraphrase, not a quotation; the sentence quoted here is the court's. The company in the case name is a citation, not a subject.",
S181,WA DFI Finalizes Investigation of Nationstar/Mr. Cooper's Misconduct and Operational Weaknesses,Washington State Department of Financial Institutions,https://dfi.wa.gov/news/press/wa-dfi-finalizes-investigation-nationstarmr-coopers-misconduct-and-operational,2020-12-07,2026-08-21,agency press release,verified,verified,"Confirmed 2026-08-21. Verbatim: consumer redress approaching $90 million to more than 115,000 consumers in 53 states, and penalties in excess of $6.5 million; Washington share $2,117,231 for 4,766 consumers plus $750,000 in penalties. Conduct named includes impermissible mortgage origination fees and charges, missed tax payments from borrower escrow accounts, failure to terminate private mortgage insurance when conditions were met, mishandling of loan modifications and servicing transfers, and wrongful foreclosures. 52 state regulators, 51 state attorneys general and the CFPB. CORRECTION TO THE INTERNAL SOURCE: the private litigation memo says $90M+ and co-led by WA DFI; the DFI release says approaching $90 million and describes DFI as leading the investigation.",
S182,"Washington State DFI Takes Action against Mortgage Servicer Newrez, LLC",Washington State Department of Financial Institutions,https://dfi.wa.gov/news/press/washington-state-dfi-takes-action-against-mortgage-servicer-newrez-llc,2026-04-06,2026-08-21,agency press release,verified,verified,"Confirmed 2026-08-21. Statement of charges seeking $4,175,000. Allegations named in the release include failing to mediate in good faith during foreclosure, providing misleading or inaccurate information to consumers, responding to consumer concerns in an untimely manner, onboarding loans incorrectly with resulting private mortgage insurance errors, inaccurate credit reporting and escrow problems, improperly maintained and serviced escrow accounts involving force-placed insurance, and inaccurate mortgage statements. Conduct period 2021 to 2026, arising from more than 125 consumer complaints. A statement of charges is an allegation, not a finding.",
S183,"38 U.S.C. 3732, Procedure on default, subsection (d), loss mitigation sequence",United States Code,https://uscode.house.gov/view.xhtml?req=granuleid:USC-prelim-title38-section3732&num=0&edition=prelim,2025-07-30,2026-08-21,statute,verified,verified,"Read twice on 2026-08-21, from law.cornell.edu and from uscode.house.gov, word for word identical. Subsection (d) verbatim: The Secretary shall prescribe loss mitigation procedures, including a mandatory sequence in which the holder of a loan guaranteed under this chapter shall offer loss mitigation options (including an option to enter into a partial claim agreement under the VA Home Loan Program Reform Act) to a veteran, to help prevent the foreclosure of such loan. The Secretary may not purchase an entire such loan until the veteran has completed such sequence. Added by Pub. L. 119-31 sec 2(a)(3), effective July 30 2025.",
S184,"VA Servicer Handbook M26-4 Chapter 22, VA Partial Claim, FINAL, effective June 1 2026",Department of Veterans Affairs,https://www.knowva.ebenefits.va.gov/system/templates/selfservice/va_ssnew/help/customer/locale/en-US/portal/554400000001018/content/554400000324999/,2026-06-01,2026-08-21,agency handbook,verified,verified,"Read in full 2026-08-21 from the capture held in the project's receipts library, 10 pages, KnowVA article ID 554400000324999, header reads Effective June 1, 2026. The KnowVA portal returns no readable text to a fetcher, which is why S013 stayed thin; the capture does. Ten qualifying criteria at 22.02 a.1 to a.10. Criterion a.7 verbatim: The borrower has not received a loan modification in the 24 months preceding the date the servicer evaluates the loan under the Waterfall. Section 22.03 a.2 verbatim: Servicers must cease initiating, continuing, or completing foreclosures on loans where a TPP is offered to the borrower. The chapter contains no occurrence of co-borrower, caregiver or household.",
S185,12 CFR 1024.17 - Escrow accounts,Electronic Code of Federal Regulations,https://www.ecfr.gov/current/title-12/chapter-X/part-1024/section-1024.17,,2026-08-22,regulation,verified-needs-date,PENDING DATE,"Subsection (c) Limits on payments to escrow accounts carries the escrow account analysis requirement; subsection (f) Shortages, surpluses, and deficiencies requirements governs how a shortage is handled. Titles quoted from the section as fetched 2026-08-22.",
S186,"RCW 84.36.379 and 84.36.381 - Residences, property tax exemption, findings and qualifications",Washington State Legislature,https://app.leg.wa.gov/RCW/default.aspx?cite=84.36.381,,2026-08-22,regulation,verified-needs-date,PENDING DATE,"84.36.379 is Findings; 84.36.381 is Qualifications. A veteran qualifies at a combined service-connected evaluation rating of 40 percent or higher, or a total disability rating for a service-connected disability, subject to the three combined-disposable-income thresholds. Quoted as fetched 2026-08-22.",
S187,"RCW chapter 19.86 - Unfair business practices, consumer protection",Washington State Legislature,https://app.leg.wa.gov/RCW/default.aspx?cite=19.86,,2026-08-22,regulation,verified-needs-date,PENDING DATE,Chapter heading quoted as fetched 2026-08-22. RCW 19.86.020 declares unfair or deceptive acts or practices in trade unlawful; RCW 19.86.093 sets the claim elements.,
S188,"CHLA comment letter to VA Loan Guaranty Service on the working draft of the VA Partial Claim program, March 11 2025",Community Home Lenders of America,https://www.communitylender.org/wp-content/uploads/2026/03/CHLA-Ltr-VA-Partial-Claims.pdf,2025-03-11,2026-08-22,letter,verified,VERIFIED,"THE LETTER AS FILED, not a report about it. Date and addressee from the letterhead: March 11 2025, to Patrick J. Zondervan, Executive Director, VA Loan Guaranty Service. Asks VA to DELETE the Step 6 allowance permitting a 30-year modification to raise principal and interest by ""no more than a 15% increase"", stating: ""Given that the population of families needing this (waterfall) help is already precariously situated financially, putting additional stress on a family's monthly budget appears contrary to Congressional intent."" Also asks for 180 days notice before the program takes effect and for comment periods longer than 7 days. CHRONOLOGY RESOLVED 2026-08-22: this is NOT the March 2026 public comment period. Two separate events a year apart, both dates correct. March 2025 is this CHLA call-to-action letter, sent while VA and members of Congress were already discussing shutting VASP down, which VA then did without notice in the last week of April 2025. March 2026 is VA's public comment period on its draft H.R. 1815 policy proposals, which is the window the project's own 14-page comment was filed into. Do not merge them.",
S189,"CHLA letter to Secretary Doug Collins on the VASP transition, April 14 2025",Community Home Lenders of America,https://www.communitylender.org/wp-content/uploads/2025/04/VA-VASPtransition.pdf,2025-04-14,2026-08-22,letter,verified,VERIFIED,"Sent eleven days after the April 3 2025 VASP announcement, by the national trade association for small and mid-sized independent mortgage banks. Verbatim: ""There are likely thousands (maybe tens of thousands) of veterans who may qualify for VASP who haven't gone through the waterfall, and many who have been told they meet VASP qualifications but have not fully submitted documents to VA (and may not be able to within two weeks)."" And: ""the VA must elaborate in writing what the VASP deadline actually means. As just one example - if there is key information missing from an existing application (or an issue with title, etc), VA should give the veteran and their servicer time to cure the fault if the application was submitted on time, rather than just deny the file."" Asks for ""a new transition deadline of 60 days post VA's formal document/circular/handbook publication of this program change."" Announcement page: communitylender.org/chla-urges-va-to-ensure-fair-treatment-for-veterans-following-end-of-vasp-program/",
S190,"Statement of Secretary Douglas A. Collins before the Senate Committee on Veterans Affairs on the FY2027 budget request, May 20 2026",U.S. Department of Veterans Affairs,https://www.veterans.senate.gov/services/files/0BD6A705-7678-4733-B00C-277777CD4932,2026-05-20,2026-08-22,testimony,verified,VERIFIED,"The Department's own prepared statement for the hearing, seven pages, opening ""Chairman Moran, Ranking Member Blumenthal, and distinguished Members of the Subcommittee."" Registered because it is the official written position for the same hearing at which Collins committed orally to a June 15 2026 partial claim standup. The commitment itself is NOT in this document. It is in the questioning, transcribed and verified verbatim against the hearing video, and cited at S001. Local capture: Downloads\VFC_receipts\VA Testimony-SVAC Hearing on VA Budget-260520.pdf.",
S191,"Congressional Oversight Is Crucial for VA Accountability, testimony of Tim Stretton to the House Committee on Veterans Affairs, May 20 2026",Project On Government Oversight,https://www.pogo.org/testimonies/congressional-oversight-is-crucial-for-va-accountability,2026-05-20,2026-08-22,testimony,verified,VERIFIED,"Eleven pages. The cover names the hearing: House Committee on Veterans Affairs, ""H.R. 6733, the 'VISN Reform Act of 2025' [and Other Pending Legislation],"" May 20 2026, the same day as the Senate budget hearing at S190. Figures stated as of May 12 2026: 556 open VA OIG recommendations, 28 percent open longer than a year and three open longer than five years; 173 open GAO recommendations for VA, 21 of them priority. VA FY2027 request 488.2 billion dollars, up 34.9 billion or 7.7 percent. FY2025 VA awards 287.95 billion, including 6.09 billion in contracts awarded with no competition and 9.58 billion awarded on a single bid. Also records that GAO has had no Senate-confirmed comptroller general since Gene Dodaro retired at the end of 2025, and that a House appropriations subcommittee voted to cut GAO's budget by roughly 25 percent. A watchdog's testimony, not a government finding: the OIG and GAO recommendation counts are POGO's reading of those agencies' own public trackers on a stated date. Local capture: Downloads\VFC_receipts\POGO_Congressional-Oversight-is-Crucial-for-VA-Accountability.pdf.",
S192,"Housing Instability and Mental Distress among US Veterans, American Journal of Public Health","Bossarte, Blosnich, Piegari, Hill and Kane",https://doi.org/10.2105/AJPH.2013.301277,2013-12,2026-08-22,research,verified,VERIFIED,"AJPH 2013;103(Suppl 2):S213-S216. PMID 24148047. Authors affiliated with the VA VISN-2 Center of Excellence for Suicide Prevention and the VA National Center on Homelessness Among Veterans. THE KEY PROPERTY: the exposure is NOT homelessness. It is a single BRFSS item, how often in the past 12 months the respondent was worried or stressed about having enough money to pay rent or mortgage. Adjusted odds from Table 1: suicidal ideation 6.46 (2.60-16.07); frequent mental distress 5.21 (2.90-9.33), adjusted for gender, age, race, marital status and lifetime depression, anxiety or PTSD. Authors verbatim: ""psychological distress associated with homelessness may be elevated distally at the period preceding actual homelessness"" and they name ""loss or threat of loss of housing"". LIMITS THAT MUST TRAVEL WITH IT: cross-sectional so no causal direction; only 66 of 1767 exposed, which is why the ideation CI runs 2.60 to 16.07; Nebraska only, 2010 data, unweighted; the authors call the findings precursory.",
S193,"America s Military and Veteran Caregivers, Hidden Heroes Emerging from the Shadows, RAND RR-A3212-1","RAND Corporation, funded by the Elizabeth Dole Foundation",https://www.rand.org/pubs/research_reports/RRA3212-1.html,2024-09-24,2026-08-22,research,verified,VERIFIED,"Ramchand, Dalton, Dubowitz, Hyde, Malika, Morral, Ohana, Parks, Schell, Swabe, Trail and Williams. DOI 10.7249/RRA3212-1. 319 pages, 2023 RAND Caregiving Survey. Local copy in the receipts library. Table 2.2: 22 percent of military and veteran caregivers to adults 60 and under thought about ending their lives in the past year, against 5 percent of non-caregivers. Table 2.1: 43 percent met probable depression criteria on PHQ-8 at 10 or above, against 13 percent. Chapter 3: 70 percent reported difficulty paying bills against 39 percent; 35 percent of households below 130 percent of the federal poverty level; 8,583 dollars annual out-of-pocket and 4,522 dollars forgone income. Chapter 6: around 40 percent of children in these households help with caregiving tasks against about a quarter in civilian caregiving households; almost a quarter of caregivers said a caregiving child needed mental health treatment and did not get it. CAVEAT: the child SDQ scores rest on an unweighted n of 25 and are parent-reported, so direction only, never a decimal point. RAND is internally inconsistent on the ideation figure, Summary says about 20 percent and Table 2.2 says 22; cite the table. Military.com coverage of this report misstates several figures including 199 billion for 119 billion; do not cite the news article. THE GAP THAT IS ITSELF A FINDING: the words foreclosure, eviction, homeless and housing instability appear zero times in 319 pages.",
S194,"Phenotypes of caregiver distress in military and veteran caregivers, suicidal ideation associations, PLOS ONE","Delgado, Peacock, Wang and Pugh",https://journals.plos.org/plosone/article?id=10.1371/journal.pone.0253207,2021-06-11,2026-08-22,research,verified,VERIFIED,"PLOS ONE 16(6):e0253207. DOI 10.1371/journal.pone.0253207. Peer reviewed. n=458 military caregivers, mean age 39.8. Verbatim from the abstract: ""Many (39%) experienced interruptions in their education and 23.6% reported suicidal ideation since becoming a caregiver."" LIMITS: cross-sectional web-based convenience sample, not population representative, no comparison group, and the window is since caregiving began rather than the past 12 months. DO NOT STACK THIS WITH S193s 22 percent as if the two confirm each other; they measure different windows in different samples.",
S195,"House Report 119-622 accompanying H.R. 8469, MilCon-VA Appropriations Act 2027",House Committee on Appropriations,https://www.govinfo.gov/content/pkg/CRPT-119hrpt622/html/CRPT-119hrpt622.htm,2026-04-23,2026-08-22,committee report,verified,VERIFIED,"Filed 2026-04-23 by Mr. Carter of Texas; full committee approved 2026-04-21 by 58-0; H.R. 8469 passed the House 2026-05-15. Page 30, heading ""Veterans Affairs Servicing Purchase (VASP) Program and Partial Claim Program Implementation"", states as a committee finding: ""This gap has exposed veterans to the risk of foreclosure."" It directs VA to report within 90 days of enactment on five items including ""the number of veteran borrowers currently delinquent or at risk of foreclosure"" and the Partial Claim Program timeline. Page 53 encourages VA to add to its annual suicide-prevention report metrics including ""home loan use and foreclosure assistance and participation in housing and food insecurity programs"" to show ""the correlation between VA benefit usage and the veterans who die by suicide."" Page 44 notes homelessness data may undercount women veterans with children. STATUS THAT MUST TRAVEL WITH IT: this is COMMITTEE REPORT LANGUAGE, directive but NOT statutory, and it takes effect on enactment. The Senate has produced no FY2027 MilCon-VA bill, so the 90-day clock has not started. CORRECTION LOGGED 2026-08-22, REPLACING A WRONG ENTRY THAT STOOD HERE: an earlier pass searched this report for demographic-equity and disparate-impact wording, found none, and recorded that the report carries no equity provision. That was a search result, not a property of the document. The report does carry equity, in the legal sense. Page 32, verbatim: ""ending equitable relief for veterans who were deemed eligible for benefits in error would place an unfair burden on veterans and their families. The Secretary is encouraged to continue to grant or extend equitable relief to eligible veterans initially deemed eligible in instances of administrative error."" TWO LIMITS THAT MUST TRAVEL WITH IT: the operative verb is is encouraged to, weaker than the directs at page 30; and the report cites NO statutory authority for equitable relief, the string 503 appears nowhere in its 121 pages, so 38 U.S.C. 503 must not be attributed to this report. What is genuinely absent is the demographic reading: the word disparate does not appear anywhere, and the two uses of disproportionately at pages 36 and 49 are about health, not housing. The Filipino Veterans Equity Compensation Fund at Sec. 239 of the bill is unrelated to either reading. Further equity-and-burden language sits at pages 21, 26, 27, 28, 33 and 57. Text retrieved from govinfo because congress.gov refuses automated fetches.",
S196,Association Between Receipt of a Continuum of Supportive Housing Services and Mortality Among Veterans With Experience of Housing Instability,"Montgomery, Jones, True, deRussy, Richman, Dichter and Blosnich",https://doi.org/10.1016/j.amepre.2024.11.011,2025-03,2026-08-22,research,verified,VERIFIED,"American Journal of Preventive Medicine 2025;68(3):497-507. PMID 39617105. VA electronic health records 2014-2019 linked to National Death Index mortality; cohort of 662,682 veterans with housing-instability indicators; discrete-time survival, person-month. Verbatim: ""Veterans who received homeless services across the 3 levels of public health prevention had reduced odds of suicide compared to nonparticipants, while Veterans exiting these programs had higher odds of suicide"" and ""Exiting programs to address housing instability may be a vulnerable period for Veterans."" UNVERIFIED: the publisher page is robots-disallowed, so the citation and abstract come from Crossref and Europe PMC and the full text has NOT been read. No odds ratios or confidence intervals are visible, only a p-value range, so publish the DIRECTION only and no effect size. Observational, not randomized: veterans who stay enrolled may differ from those who exit. Note a companion paper by the same team on an overlapping cohort, Archives of Suicide Research 2024;28(3):860-876, reports a NULL association; the literature is not settled and a record citing one without the other is exposed.",
S197,"VA Circular 26-24-12 Change 1, Loan Repayment Relief for Borrowers","U.S. Department of Veterans Affairs, Veterans Benefits Administration",https://www.benefits.va.gov/HOMELOANS/documents/circulars/26-24-12-change1.pdf,2024-06-21,2026-08-22,agency circular,verified,VERIFIED,"A one-instruction change to the circular registered at S092, dated June 21 2024, verbatim: ""Page 1, paragraph 3c: Delete The servicer has not received a monthly payment for at least 210 days, and the borrower is not responding to the servicer outreach attempts."" WHY A ONE-LINE DOCUMENT IS REGISTERED SEPARATELY: the base circular PDF at S092 was never reissued, so the deleted exception is still printed there and a reader who pulls only that file will get the wrong answer for any date after June 21 2024. The rescission date is unchanged, January 1 2025. Retrieved and read 2026-08-22.",
S198,Blumenthal Raises Alarm Over Skyrocketing Cost of VA Community Care at Hearing,Office of U.S. Senator Richard Blumenthal,https://www.blumenthal.senate.gov/newsroom/press/release/video-blumenthal-raises-alarm-over-skyrocketing-cost-of-va-community-care-at-hearing,2026-02-11,2026-08-22,member press release,verified,VERIFIED,"Senate Veterans Affairs Committee hearing, February 11 2026. The VA witness named is Richard Topping, VA Chief Financial Officer. Quoted verbatim in the release, all of them Blumenthal: ""Since 2019, the funding for the VA community care program has increased from $9 billion to more than $48 billion in the VA fiscal year 2026 request. That's an increase of 530%. That's a staggering increase, wouldn't you agree?""; ""Over that same period, funding for VA direct care has increased by far less, about 200%...Why the disparity?""; and ""we need to answer those types of questions. You don't have answers right now."" The release states that Topping was unable to answer. WHAT THIS IS AND IS NOT: a member office release, not a transcript. Blumenthal is quoted; Topping is characterized, not quoted, so nothing may be put in his mouth from this source. DO NOT MERGE IT WITH THE MAY 20 2026 SVAC BUDGET HEARING. The two are different exchanges months apart and stacking them would be a fabrication. UPDATED 2026-08-24: the later exchange is now registered in its own right at S225, sourced to the retained C-SPAN transcript for program 679573 with its tier stated, and its setting independently verified at S224. The separation instruction STANDS. Cite S198 for February 11 and S225 for May 20, never both for one claim. Figures in the release: community care $9B in 2019 to more than $48B in the FY2026 request, 530 percent; direct care about 200 percent over the same period; community care contracts around $1 trillion; implementation year 2027.",
S199,"H.R. 8532, VA Home Loan Affordability Act, as introduced","U.S. Government Publishing Office, govinfo",https://www.govinfo.gov/content/pkg/BILLS-119hr8532ih/html/BILLS-119hr8532ih.htm,2026-04-27,2026-08-23,bill text,verified,VERIFIED,"Bill text read in full against the govinfo print on 2026-08-23. Long title verbatim: ""To amend title 38, United States Code, to align elements of the housing loan program of the Department of Veterans Affairs with requirements of the Federal Housing Administration, and for other purposes."" Section 2 carries eight lettered subsections, headings verbatim: (a) Prohibition of Requirement of Third Party Verification of Lender Fees; (b) Refinancing of Housing Loans; (c) Expansion of Guaranteed Loans for Condominiums; (d) Maximum Closing Costs and Seller Fees for Guaranteed Loans; (e) Regular Prescription of Debt-to-Income Ratios; (f) Minimum Experience of an Appraiser Required; (g) Review of Appraisal Minimum Property Requirements; (h) Plan To Modernize IT for Housing Loans. Sponsor line as printed: ""Mr. Van Orden (for himself, Mr. Bost, Mr. Barrett, Mrs. Kiggans of Virginia, and Mr. Ciscomani)"". WHAT THIS SOURCE DOES AND DOES NOT ESTABLISH: it establishes what the bill contains. It does not establish intent, and it does not establish who supports it. A 2026-06-25 working memo records a note that Freedom Mortgage was listed as a cosupporter and flags it ""CONFIRM from Leann's prior research before public use""; that claim is UNVERIFIED and must not be published or asserted under oath until a primary record is in hand.",
S200,"H.R. 9379, Affordable Homes for Veterans Act of 2026, as introduced","U.S. Government Publishing Office, govinfo",https://www.govinfo.gov/content/pkg/BILLS-119hr9379ih/html/BILLS-119hr9379ih.htm,2026-06-18,2026-08-23,bill text,verified,VERIFIED,"Bill text read against the govinfo print on 2026-08-23. Long title verbatim: ""To codify processing timelines for applications for the assumption of a loan guaranteed by the Department of Veterans Affairs, to require the Inspector General of the Department to conduct an assessment of loan servicer compliance with such timelines, and for other purposes."" Three operative provisions, verbatim: ""The servicer of a loan guaranteed under this chapter shall process and render a decision on a complete application for the assumption of such a loan within 45 calendar days of receipt""; ""servicers may not threaten, suggest, or imply to individuals who are potential assumers of such loans that the processing timeline will exceed 45 calendar days as a reason to discourage assumptions""; and ""the Inspector General of the Department of Veterans Affairs, in consultation with the Comptroller General of the United States, shall conduct an assessment"" within 90 days, reporting to Congress within 18 months. SCOPE, and it matters: an assumption is a buyer taking over an existing VA loan. This bill does not touch foreclosure, loss mitigation, default servicing, VASP or the H.R. 1815 partial claim. It is cited here for its ARCHITECTURE, not its coverage.",
S201,"Economic Opportunity Subcommittee Chairman Van Orden Leads on Affordability, Cutting Red Tape in VA Home Loan Program for Veterans and their Families",House Committee on Veterans' Affairs,https://veterans.house.gov/news/documentsingle.aspx?DocumentID=7885,2026-03-26,2026-08-23,committee press release,verified,VERIFIED,"Read from the live page 2026-08-23. Headline verbatim: ""Economic Opportunity Subcommittee Chairman Van Orden Leads on Affordability, Cutting Red Tape in VA Home Loan Program for Veterans and their Families"". Date line verbatim: ""Washington, March 26, 2026"". Quoted verbatim from the body: ""H.R. 1815, the VA Home Loan Program Reform Act, provides veterans at-risk of foreclosure with a safety net to get back on track with their mortgage payments""; ""The Committee continues to work with the Trump administration to find ways to expand affordability and reduce unnecessary homebuying costs to ensure housing is affordable for today and tomorrow's veterans, servicemembers, and their families""; ""I know that VA is working with industry to implement this law and encourage them to work closely with industry so the good work we have done with this law is not wasted in bureaucratic red tape""; and ""I am working on a piece of legislation that would streamline the VA home loan program by requiring VA to review and update their outdated minimum property requirements and barriers to entry with the appraisal process."" CORRECTION TO A PRIOR PROJECT FILE: an internal analysis dated 2026-06-01 recorded this release as saying the law ""modernizes the VA Home Loan program by providing veterans at-risk of foreclosure with a safety net"". The word ""modernizes"" does not appear in that sentence on the live page, and the sentence continues ""to get back on track with their mortgage payments"", which the internal file dropped. Publish only the wording above. This is a committee release, not a member office release.",
S202,Barrett Introduces Bill to Extend Essential Programs for Veterans,Office of Rep. Tom Barrett (MI-07),https://barrett.house.gov/media/press-releases/barrett-introduces-bill-extend-essential-programs-veterans,2025-09-18,2026-08-23,member press release,verified,VERIFIED,"Read from the live page 2026-08-23. Headline verbatim: ""Barrett Introduces Bill to Extend Essential Programs for Veterans"". Date line verbatim: ""September 18, 2025"". The release lists nine things the bill does. The seventh, verbatim and complete: ""Strengthens VA's Partial Claim Program to better protect veteran homeowners;"". The eighth, verbatim: ""Requires transparent reporting to ensure necessary oversight; and"". WHAT THIS SOURCE ESTABLISHES: how the measure was described when it was introduced. It does not establish intent. The provision that reached law as section 7307 of Pub. L. 119-37 was titled ""Clarification of Relationship to Other Powers of Secretary"", the package was pro-veteran, and the Senate companion S. 2853 was bipartisan. Do NOT publish any claim that the narrowing was snuck in, partisan, or a deliberate rollback; all three are false on the record.",
S203,"Kingdomware Technologies, Inc. v. United States, 579 U.S. 162 (2016)",Supreme Court of the United States,https://supreme.justia.com/cases/federal/us/579/14-916/,2016-06-16,2026-08-23,court opinion,verified,VERIFIED,"Read 2026-08-23. Docket 14-916, decided June 16 2016, unanimous, opinion by Justice Thomas. Quoted verbatim: ""Unlike the word 'may,' which implies discretion, the word 'shall' usually connotes a requirement."" Holding, verbatim: ""We hold that 8127(d) unambiguously requires the Department to use the Rule of Two before contracting under the competitive procedures."" WHY IT IS REGISTERED HERE: the case is about a different Title 38 section, small-business contracting, not home loans. It is cited only for what it says about the words ""shall"" and ""may"" in Title 38, which is a question of how the statute reads and not a question about loans. SCOPE LIMIT, and it must travel with any use: this supports a duty on the Secretary to CARRY OUT a program. It does not support a claim that any individual veteran is entitled to any particular decision on their own file. A document that merges those two is overstating the case.",
S204,"H.R. 8647, 118th Congress, VA Home Loan Program Reform Act, as introduced","U.S. Government Publishing Office, govinfo",https://www.govinfo.gov/content/pkg/BILLS-118hr8647ih/html/BILLS-118hr8647ih.htm,2024-06-05,2026-08-23,bill text,verified,VERIFIED,"Read from the govinfo print 2026-08-23. H.R. 8647, 118th Congress, short title ""VA Home Loan Program Reform Act"", introduced June 5 2024. This is the PREDECESSOR of the bill that became law as H.R. 1815 in the 119th Congress. Its loss mitigation provision reads, verbatim: ""The Secretary may prescribe loss mitigation procedures, including a mandatory sequence in which the holder of a loan guaranteed under this chapter shall offer loss mitigation options to veterans, to help prevent the foreclosure of any such loan."" WHAT THIS ESTABLISHES: the enacted text reads ""shall prescribe"" where this draft read ""may prescribe"", and the rest of the sentence is unchanged. It establishes that the change was made. It does not establish who asked for it or why, and no such claim should be built on it.",
S205,"House Report 119-104, VA Home Loan Program Reform Act, to accompany H.R. 1815","U.S. House of Representatives, Committee on Veterans' Affairs",https://www.govinfo.gov/content/pkg/CRPT-119hrpt104/html/CRPT-119hrpt104.htm,2025-05-19,2026-08-23,committee report,verified,VERIFIED,"Read from the govinfo print 2026-08-23. House Report 119-104, Committee on Veterans' Affairs, May 19 2025, to accompany H.R. 1815. Cited here for its ""Changes in Existing Law"" section, which reproduces 38 U.S.C. 3720, Powers of Secretary. Verbatim, (a)(5): ""purchase at any sale, public or private, upon such terms and for such prices as the Secretary determines to be reasonable, and take title to, property, real, personal or mixed; and similarly sell, at public or private sale, exchange, assign, convey, or otherwise dispose of any such property; and"". Verbatim, (a)(6): ""complete, administer, operate, obtain and pay for insurance on, and maintain, renovate, repair, modernize, lease, or otherwise deal with any property acquired or held pursuant to this chapter."" WHAT THIS ESTABLISHES: that the Secretary has statutory power to take title to property and to sell it. It establishes the power, not any particular use of it, and it says nothing about any individual case.",
S206,"H.R. 9237, Take Care of America's Veterans Act, as introduced","U.S. Government Publishing Office, govinfo",https://www.govinfo.gov/content/pkg/BILLS-119hr9237ih/html/BILLS-119hr9237ih.htm,2026-06-10,2026-08-23,bill text,verified,VERIFIED,"Bill text read at govinfo 2026-08-23. Long title verbatim: ""To amend titles 10 and 38, United States Code, and other Federal laws, to improve benefits for veterans and the administration of the Department of Veterans Affairs."" Introduced June 10 2026. Sponsor line as printed: ""Mr. Bost (for himself, Mr. Bilirakis, Mr. Hudson, Mr. Lawler, Mr. Van Orden, Mrs. Miller-Meeks, Mr. Murphy, Mr. McGuire, Mr. Barrett, Mr. Bergman, Mr. Baird, Mr. Meuser, Ms. King-Hinds, Mrs. Kiggans of Virginia, Mr. Hamadeh of Arizona, Mr. Hill of Arkansas, Mr. Obernolte, Mr. Edwards, Mr. Moolenaar, Mr. Taylor, and Mr. Kelly of Pennsylvania)"". Referred to Veterans' Affairs and Armed Services. Six titles: Compensation; Education and Economic Opportunity; Health Care; Organization; Memorial Affairs; Veterans' Assuring Critical Care Expansions to Support Servicemembers. THE HOME LOAN FEE PROVISION, verbatim, Sec. 104(b): ""Section 3729(b)(2) of such title is amended, in the loan fee table--(1) in subparagraph (E), by striking ``0.50'' both places it appears and inserting ``1.42''; and (2) in subparagraph (I), by striking ``0.50'' each place it appears and inserting ``1.0''."" Also Sec. 104(c) adds a new subparagraph (J) to section 3729(b)(4) ""by adding 1.00 to the percentage in the table"" for certain reserve component members. SOURCING NOTE: a coalition briefing memo asserted the bill ""would almost triple VA Home Loan refinancing fees"" with no section number, no figures and no citation. The bill text confirms the direction and supplies the section and the numbers. Cite the bill, never the memo. STATUS: not passed. Reported by the Rules Committee under a closed rule; twice withdrawn from the House floor; a motion to recommit failed 210 to 211 on July 16 2026. Status is UNVERIFIED against a primary vote record and is carried on the project's own analysis, so it is not published as a figure on any page.",
S207,"H.R. 9404, VA Home Loan Navigator Act, as introduced","U.S. Government Publishing Office, govinfo",https://www.govinfo.gov/content/pkg/BILLS-119hr9404ih/html/BILLS-119hr9404ih.htm,2026-06-23,2026-08-23,bill text,verified,VERIFIED,"Bill text read at govinfo 2026-08-23. Long title verbatim: ""To amend chapter 37 of title 38, United States Code, to direct the Secretary of Veterans Affairs to provide support services to veterans in navigating housing loan benefits administered by the Secretary of Veterans Affairs, and for other purposes."" Short title ""VA Home Loan Navigator Act"". Introduced June 23 2026. Sponsor Ms. Escobar, cosponsor Mr. Bergman. Quoted verbatim: ""counseling regarding the origination, refinancing, and closing processes for housing loans""; ""counseling relating to loss mitigation options and foreclosure prevention""; ""assistance navigating loan servicing matters""; a counselor ""shall not receive any compensation, referral fee, or other remuneration, directly or indirectly, from a mortgage lender or mortgage servicer""; and a counselor ""shall act solely as an independent, neutral intermediary; and may not act as an agent of, or on behalf of, any mortgage lender, servicer, or real estate professional"". DATE NOTE: the sponsor's press release is dated July 1 2026 and says ""Introduces"". The bill text prints June 23 2026. The bill text governs; the release is the announcement, not the introduction.",
S208,Congresswoman Escobar Introduces Bipartisan VA Home Loan Navigator Act,Office of Rep. Veronica Escobar (TX-16),https://escobar.house.gov/news/documentsingle.aspx?DocumentID=3244,2026-07-01,2026-08-23,member press release,verified,VERIFIED,"Read from the live page 2026-08-23. Headline verbatim: ""Congresswoman Escobar Introduces Bipartisan VA Home Loan Navigator Act"". Date line verbatim: ""Washington, D.C., July 1, 2026"". Names Republican Congressman Jack Bergman as cosponsor. Describes a voluntary borrower support program connecting veterans with ""free, qualified housing counselors trained to help veterans navigate the benefit"", listing services at no cost including ""Counseling on homebuying, refinancing, and closing"", ""Assistance with loan servicing matters"", and ""Counseling on loss mitigation and foreclosure prevention"". States the bill includes ""strong independence and conflict-of-interest protections"". WHAT THIS IS: a member office release. Where it differs from the bill text at S207, the bill text governs.",
S209,"Budget Hearing, Department of Veterans Affairs, House Appropriations MilCon-VA, May 21 2026",U.S. House Committee on Appropriations,https://appropriations.house.gov/schedule/hearings/budget-hearing-department-veterans-affairs-0,2026-05-21,2026-08-24,hearing video,verified,VERIFIED,"Budget Hearing, Department of Veterans Affairs, Subcommittee on Military Construction and Veterans Affairs, House Committee on Appropriations, May 21 2026. Witness: Secretary Douglas A. Collins. Committee page https://appropriations.house.gov/schedule/hearings/budget-hearing-department-veterans-affairs-0 Video https://www.youtube.com/watch?v=MotWf4wFcfI  RELIABILITY, and it must travel: neither the committee nor VA has published a written transcript of this hearing. Every quote drawn from it is transcribed from the published video at a named timestamp. The machine transcription carries obvious artifacts, for example ""non-stutoily"" for ""non-statutorily"" and ""Evans behind on the VA back mortgages"" for ""veterans behind on VA-backed mortgages"". Quotes are published only where the wording is unambiguous, and any repaired word is shown in square brackets. TIMESTAMPS: ~14:59 the subcommittee ranking member on the Inspector General budget; ~48:40 Rep. Sanford Bishop on the partial claim program and VASP; ~1:41:38 Rep. Veronica Escobar on the home loan benefit. SPEAKER IDENTIFICATION at 14:59 was settled 2026-08-23 from a video frame: Rep. Debbie Wasserman Schultz, seated behind her own nameplate. A DeLauro nameplate is visible in the same frame at the adjacent seat and both read RANKING MEMBER, which is why the nameplate alone was ambiguous. CONFIRMED 2026-08-24 by Leann Ledford, independently of the nameplate in frame, which is what the standing rule requires: a quote transcribed from hearing video publishes with no member named until the speaker is confirmed by something other than a nameplate. The name is published on /record/watch/ from 2026-08-24; before that date the quote was published unattributed on purpose. A previously stored video URL for this hearing, youtube watch?v=NQtTbhb7jXo, is DEAD and must not be restored.",
S210,"H.R. 9237, Take Care of America's Veterans Act, all actions","Congress.gov, Library of Congress",https://www.congress.gov/bill/119th-congress/house-bill/9237,2026-07-16,2026-08-23,legislative record,verified,VERIFIED,"The official action record for H.R. 9237, supplied by Leann 2026-08-23 from congress.gov. Registered because the project had no primary source for the bill's STATUS, only the bill text at S206 and outside reporting. KEY ACTIONS VERBATIM: ""06/10/2026 Introduced in House""; ""Referred to the Committee on Veterans' Affairs, and in addition to the Committee on Armed Services""; ""07/16/2026-9:11am Considered under the provisions of rule H. Res. 1423"" which ""provides for consideration of H.R. 139, H.R. 9237, and H.R. 1181 under a closed rule""; ""07/16/2026-10:16am Mr. Deluzio moved to recommit to the Committee on Veterans' Affairs""; ""07/16/2026-11:16am On motion to recommit Failed by the Yeas and Nays: 210 - 211 (Roll no. 249)""; and ""07/16/2026-11:16am POSTPONED PROCEEDINGS - Pursuant to clause 1(c) of rule XIX, the Chair announced further proceedings on H.R. 9237 is postponed."" CORRECTS THE PROJECT ON THREE POINTS. (1) The record says POSTPONED, not withdrawn or pulled. Postponed proceedings is a live bill awaiting a scheduled continuation. (2) 30 cosponsors, not the 20 printed on the introduced text; ten were added between 06/15 and 06/24/2026. (3) congress.gov lists 43 RELATED BILLS. It does not anywhere state a count of bills bundled into the package, so the 62 figure is from outside reporting and is not confirmed by any primary record. The introduced-in-House summary confirms the bill ""revises VA disability ratings for sleep apnea and tinnitus"". Senate companion S. 4744, Moran, read the second time 06/11/2026 and placed on the Senate Legislative Calendar under General Orders, Calendar No. 433.",
S211,"VA announces new program to help more than 40,000 Veterans stay in their homes, VASP launch release, April 10 2024",U.S. Department of Veterans Affairs,https://www.va.gov/wilmington-health-care/news-releases/va-announces-new-program-to-help-more-than-40000-veterans-stay-in-their-homes/,2024-04-10,2026-08-24,press release,verified,VERIFIED,"VA's own press release announcing VASP, read from va.gov on 2026-08-24. Dated April 10 2024, seven weeks before the May 31 2024 launch. FOUR THINGS IT SETTLES, each of which the project previously held only from an analyst or a witness. (1) HOW A VETERAN GETS IN, verbatim: ""Veterans will not apply directly for VASP. Instead, beginning May 31, mortgage servicers will identify qualified borrowers and submit requests on behalf of Veterans based on a review of all home retention options available and qualifying criteria."" This is VA stating the screening structure the Urban Institute at S053 independently identified as the mechanism guaranteeing uneven implementation. (2) COST, verbatim: ""VA anticipates that VASP will result in a government subsidy spending reduction of approximately $1.5 billion from 2024 to 2033, making it beneficial for Veterans, taxpayers, servicers, and loan holders alike. This is because the savings associated with avoiding foreclosures outweighs the cost of purchasing these homes."" VA's own projection was that VASP SAVED money. (3) AUTHORITY, verbatim: ""VA has existing authority to establish and implement VASP under 38 U.S.C. 3732 and 3720."" Read this against the Secretary's May 2026 statement at S209 that VASP ""was started non-stat[utorily] and out of VA that shouldn't have been there."" WHAT THIS DOES NOT SETTLE: ""non-statutorily"" is capable of two readings, that the program lacked statutory authority, or that no statute required it. The record does not establish which was meant, and the project does not claim to know. (4) THE 40,000 FIGURE is a PROJECTION in this document, not a count of veterans helped. Verbatim: ""will launch a new program ... to help more than 40,000 Veterans experiencing severe financial hardship avoid foreclosure and stay in their homes."" No completion figure appears here and none is published by this project. Also on the record here: a fixed 2.5 percent rate; 145,000 families helped to avoid foreclosure in 2023; 3.7 million active VA-guaranteed loans; 400,695 loans guaranteed in 2023; and quotes from Secretary Denis McDonough and Under Secretary for Benefits Josh Jacobs. PUBLICATION NOTE: VA republishes national releases across its health-care system sites. This is the copy read and the URL cited; the text is the national release.",
S212,"Bill status record, H.R. 9404, VA Home Loan Navigator Act, 119th Congress","U.S. Government Publishing Office, govinfo",https://www.govinfo.gov/bulkdata/BILLSTATUS/119/hr/BILLSTATUS-119hr9404.xml,2026-06-23,2026-08-24,bill record,verified,VERIFIED,"Official bill status record. introducedDate 2026-06-23. Sponsor Rep. Veronica Escobar D-TX-16. Cosponsors with their own dates: Rep. Jack Bergman R-MI-1 2026-06-23; Rep. Cory Mills R-FL-7 2026-06-25; Rep. J. Luis Correa D-CA-46 2026-06-29; Rep. Pete Sessions R-TX-17 2026-06-29; Rep. Jim Costa D-CA-21 2026-07-02. SIX members, FOUR of them Republicans. Official title: to amend chapter 37 of title 38 to direct the Secretary to provide support services to veterans in navigating housing loan benefits. Latest action of record 2026-06-23, referred to the House Committee on Veterans' Affairs. DATE CAUTION, and it is why this row exists: Rep. Escobar's press release is dated 2026-07-01 and a session read that as the introduction date on 2026-08-24. It is the ANNOUNCEMENT date. The bill record is the only thing that dates an introduction.",
S213,Section 8 Housing Choice Vouchers: Revised Implementation of the HUD-VASH Program,"U.S. Department of Housing and Urban Development, Federal Register",https://www.federalregister.gov/documents/2024/08/13/2024-17957/section-8-housing-choice-vouchers-revised-implementation-of-the-hud-veterans-affairs-supportive,2024-08-13,2026-08-24,federal register notice,verified,VERIFIED,"89 FR 65769, docket FR-6476-N-01, effective 2024-08-13. HUD waives section 3(b) of the U.S. Housing Act of 1937 and modifies 24 CFR 5.609(a)(1) for HUD-VASH: the PHA ""must determine the applicant's annual income for purposes of income eligibility by excluding all VA service-connected benefits received by the HUD-VASH applicant."" HUD's stated reason: ""the amount of VA service-connected benefits received due to the severity of their disabilities results in the veteran being over the low-income limit."" The exclusion is for ELIGIBILITY ONLY; the benefits ""must still be included as annual income when calculating the family's adjusted income."" SCOPE, and it is the point: this waiver reaches HUD-VASH and nothing else. DO NOT EXTEND THIS ROW TO HAF. Treasury's HAF guidance does not prescribe a single income definition; participants set their own method under a roughly 150 percent AMI ceiling, so HAF income treatment varies by state. Treasury's HAF-Guidance.pdf is disallowed by robots.txt and was not fetched, and wshfc.org returned 429, on 2026-08-24. The HAF-specific claim is UNVERIFIED and is deliberately not on the site.",
S214,"Washington State Homeowner Assistance Fund, Frequently Asked Questions",Washington State Housing Finance Commission,https://www.heretohome.org/,,2026-08-24,program FAQ,verified-needs-date,PENDING DATE,"THE WA HAF PROGRAM HAS ENDED. Confirmed by Leann 2026-09-04 from the Washington State Housing Finance Commission: ''After assisting thousands of homeowners over three years, the HAF program has ended.'' Federal award HAF0025, U.S. Department of the Treasury. THE OLD URL IS DEAD: wshfc.org/buyers/HAF.htm returns 404 because WSHFC restructured and /buyers/ now redirects to heretohome.org. The three-page FAQ is preserved at Downloads\\VFC_receipts\\HAF_WA_FAQ.pdf and PRINTS NO DATE ANYWHERE, which is why this row still carries no pub_date; the PDF metadata date of 2022-10-31 is a file-creation date, not a publication date. WHERE FAMILIES GO NOW: the Washington state Homeownership Hotline, 877-894-4663, free and confidential, or homeownership-wa.org, or info@heretohome.org. ANY SITE COPY THAT TREATS HAF AS AVAILABLE IS NOW WRONG and this row is the reason to check it.",
S215,$173M in Mortgage Relief Available to Washington Homeowners,Nolo,https://www.nolo.com/legal-updates/173m-in-mortgage-relief-available-to-washington-homeowners.html,2024-02-27,2026-08-24,legal publisher summary,verified,VERIFIED,"SECONDARY SOURCE, used because the program's own published materials do not state the income limit. States the Washington HAF rule: ""Your household income must be 100% or less of the area median income for your county."" Hardship must postdate 2020-01-21 and be COVID-related. Grants to $60,000 covering reinstatement, principal reduction, rate reduction, insurance, taxes and HOA fees. Program available ""until funds run out or through June 30, 2024."" A primary WSHFC guideline document should replace this row if one is ever located; the search on 2026-08-24 did not find one.",
S216,Guidance to Mortgage Servicers on COVID-19,Washington State Department of Financial Institutions,https://dfi.wa.gov/sites/default/files/servicer-guidance-covid-19.pdf,2020-03-20,2026-08-24,state regulator guidance,verified,VERIFIED,"Issued by Director Charles Clark. Asks servicers operating in Washington to forbear mortgage payments 90 days from their due dates, waive late payment and online payment fees 90 days, refrain from reporting late payments to credit rating agencies 90 days, give an additional 90-day grace period to complete trial loan modifications, postpone foreclosures 90 days, maintain account access if offices close, and proactively communicate assistance. TWO LIMITS TRAVEL WITH THIS ROW. (1) The Washington Attorney General's foreclosure and mortgage assistance page describes it as ""non-binding recommendations for mortgage servicers"": the regulator asked, it did not require. (2) THE DOCUMENT DEFINES NO EXIT. It creates a 90-day pause and is silent on how paused payments are repaid afterwards. NEGATIVE RESULT, recorded on purpose: this document, dfi.wa.gov/consumers/homeownership and atg.wa.gov/foreclosure-and-mortgage-assistance were each read in full on 2026-08-24 looking for a Washington household-income definition for HAF. None of the three contains one. With WSHFC's FAQ (S214) and homeownership-wa.org that is five Washington surfaces checked and no published income rule found.",
S217,"24 CFR 5.609, Annual income","Electronic Code of Federal Regulations, National Archives",https://www.ecfr.gov/current/title-24/subtitle-A/part-5/subpart-F/subject-group-ECFR174c6349abd095d/section-5.609,,2026-08-24,federal regulation,verified-needs-date,PENDING DATE,"The income definition AMI-based federal housing programs run on. STRUCTURE MATTERS: (a) defines annual income as ""all amounts, not specifically excluded in paragraph (b)"", so (b) is an EXCLUSION LIST and anything absent from it counts. (b)(16) excludes only DEFERRED VA disability benefits ""received in a lump sum amount or in prospective monthly amounts."" (b)(17) excludes only ""[p]ayments related to aid and attendance under 38 U.S.C. 1521 to veterans in need of regular aid and attendance."" ONGOING REGULAR SERVICE-CONNECTED DISABILITY COMPENSATION IS NOT IN (b), so under (a) it is counted as annual income. SEARCH BEHIND THAT ABSENCE, named per P33: the corpus is the full text of 5.609(b) as published at the eCFR URL in this row, read on 2026-08-24; the terms looked for were veteran, veterans, VA, service-connected, disability, compensation, 38 U.S.C., aid and attendance, and pension. The only matches in (b) are (b)(16), deferred VA disability benefits in a lump sum or prospective monthly amounts, and (b)(17), aid and attendance under 38 U.S.C. 1521. Neither describes ongoing monthly service-connected compensation. This is an absence within ONE NAMED REGULATION, not across a corpus of documents. Corroborated from the other direction by S213: HUD waived this for HUD-VASH in 89 FR 65769 precisely because the compensation was pushing severely disabled veterans over the low-income limit. SCOPE CAUTION: this row establishes what the FEDERAL definition does. It does NOT establish which income definition any particular state HAF program adopted. wshfc.org/managers/map.aspx is behind a JavaScript wall and returned nothing readable on 2026-08-24. A regulation carries an effective date rather than a publication date, hence PENDING DATE; not guessed. Same disposition as S173, see VFC_PARKED.md.",
S218,"Research Impacts: Homelessness, on the SSVF mortality study",VA Health Services Research and Development,https://www.hsrd.research.va.gov/impacts/research-homelessness.cfm,2026-01-23,2026-08-24,agency research summary,verified,VERIFIED,"VA's own research arm, page updated 2026-06-10, summarising a study published in JAMA Health Forum 2026-01-23, led by Richard Nelson PhD. 693,383 patient-trials across 229,096 unique patients. Enrolment in Supportive Services for Veteran Families was associated with improved health outcomes, lower inpatient costs, and an estimated 14 percent reduction in mortality risk. Also carries the National Coalition for Homeless Veterans figure of 32,882 veterans experiencing homelessness in January 2024, and notes unhoused people face mortality 3 to 4 times the general population. WHY THIS ROW MATTERS: it is the DEPARTMENT'S OWN research arm saying housing assistance lowers death rates, which is the upstream half of the prevention-versus-consequence argument. RELEVANCE, per the board's test: INDIRECT. It is not about the home loan program; it is about what happens after housing is lost.",
S219,Suicide Among Justice-Involved Veterans: Understanding Risk and Meeting Needs,"Council on Criminal Justice, Veterans Justice Commission",https://counciloncj.org/suicide-among-justice-involved-veterans-understanding-risk-and-meeting-needs/,2023-09,2026-08-24,research brief,verified,VERIFIED,"Research brief by Ryan Holliday PhD. Veterans with a history of homelessness were 7.8 times more likely to attempt suicide than veterans who had never experienced it. Also: 62 percent of justice-involved veterans had a history of VA homeless services 2005-2018 against 0.2 to 1.7 percent of veterans generally; justice involvement plus homelessness raised attempt risk 1.9 to 2.4 times over justice involvement alone. LIMITATION, MANDATORY, AND PUBLISHED ON THE PAGE RATHER THAN HELD IN THIS NOTE: the brief measures HOMELESSNESS. It says nothing about foreclosure or eviction and must never be cited as if it did. Foreclosure is not homelessness and the two are not interchangeable. Month-level date only, September 2023, no day given on the page, hence PENDING DATE; not guessed. RELEVANCE: INDIRECT.",
S220,HUD Overhauls Federal Homelessness Assistance,U.S. Department of Housing and Urban Development,https://www.hud.gov/news/hud-no-26-038,2026-06-01,2026-08-24,agency press release,verified,VERIFIED,"HUD's own announcement redirecting the Continuum of Care homelessness assistance program, $4.04 billion for FY2026, away from Housing First. Secretary Scott Turner, verbatim: ""The 'housing first' experiment failed Americans by warehousing the vulnerable without results"", that it ""promised to end homelessness. Instead, billions of taxpayer dollars were spent while homelessness increased to record levels"", and ""Housing alone will not solve a crisis driven by addiction and mental illness."" HUD's stated reasons: that the prior approach perpetuates addiction in federally funded programs and lacks accountability, leading to waste, fraud and abuse. THE RELEASE MAKES NO SPECIFIC MENTION OF VETERANS. Read in full 2026-08-24; that absence is a finding about scope, not an inference about intent. SET AGAINST S218, which is VA's own research service reporting about 14 percent lower mortality risk for veterans enrolled in supportive housing. Two federal departments, one measuring the model and one ending it, five months apart.",
S221,Housing First or Treatment First? Evidence from the VA's homelessness programs,"Sydney Costantini, Yale University Department of Economics",https://economics.yale.edu/sites/default/files/2026-01/Housing%20First%20or%20Treatment%20First-Costantini.pdf,2025-11,2026-08-24,working paper,verified,VERIFIED,"Working paper dated November 2025, posted in the January 2026 folder on the Yale economics site. Population: nearly 300,000 unhoused VETERANS WITH MENTAL ILLNESS who contacted VA homelessness services between April 2011 and February 2017, followed three years, using VA's Homelessness Registry linked to clinical records and mortality data. Compares HUD-VASH, permanent vouchers with optional case management, against Grant and Per Diem, transitional housing with REQUIRED treatment. Two-instrument instrumental variables design using quasi-random variation in voucher availability at clinic arrival and in transitional-housing liaison availability during intake week. FINDINGS VERBATIM: ""Housing First reduces three-year mortality by 4.6 percentage points relative to a no-program counterfactual. In contrast, Treatment First has no long-term effects on health."" And: ""I can statistically rule out that Treatment First is as effective as Housing First at reducing mortality"" (F = 4.06; p-value = 0.044). Housing First was also cost-saving, causing substitution away from lengthy inpatient stays. WHY THIS ROW EXISTS: it tests HUD's stated reason at S220, that housing alone cannot solve a crisis driven by addiction and mental illness, ON EXACTLY THAT POPULATION in VA's own programs. SCOPE LIMIT, and it is published on the page: this paper does NOT address HUD's separate aggregate claim that homelessness rose while money was spent. Do not stretch it to that. TIER: working paper, not yet peer-reviewed as far as this project has established; day of month not given, hence PENDING DATE, not guessed.",
S222,Rep. Mike Levin Reintroduces Bipartisan Bill to Waive Home Loan Fees for Disabled Veterans,Office of U.S. Representative Mike Levin,https://levin.house.gov/media/press-releases/rep-mike-levin-reintroduces-bipartisan-bill-to-waive-home-loan-fees-for-disabled-veterans,2026-02-19,2026-08-24,member press release,verified,VERIFIED,"Announces the reintroduction of the Veterans Assistance for Loan Origination Relief (VALOR) Act, given in this release as H.R. 7598, co-led with Rep. James Moylan of Guam. OPERATIVE TEXT, quoted from the release: the Act ""would require the VA to reimburse a veteran or transitioning service member for the cost of the home loan funding fee if they submit a disability claim or a notice of intent to file, pay the home loan fee, and later receive a disability rating and begin receiving disability compensation for that claim."" Levin verbatim: ""Disabled veterans are not supposed to pay fees when they get a VA home loan. However, many of our veterans who take longer to receive a disability rating are still paying these burdensome fees, which can be a barrier to homeownership."" WHAT THIS IS AND IS NOT: a member office release, not a bill record. It carries an ANNOUNCEMENT date of 2026-02-19. IT DOES NOT STATE THE INTRODUCTION DATE, and the introduction date is NOT established by this row. congress.gov returns ROBOTS_DISALLOWED to this project's fetcher, so H.R. 7598's number, sponsor list and introduction date still need confirming from a browser (P11: a blocked fetch is not evidence about the bill). Do not restate the release date as an introduction date; that is the error corrected on S212. Note also that the release HEADLINE says 'waive' while its own operative text says REIMBURSE. The site uses the operative text.",
S223,Congressman Moylan Works Across the Aisle; Co-Leads Bill to Refund VA Home Loan Fees for Disabled Veterans,Office of U.S. Delegate James Moylan,https://moylan.house.gov/media/press-releases/congressman-moylan-works-across-aisle-co-leads-bill-refund-va-home-loan-fees,2026-02-22,2026-08-24,member press release,verified,VERIFIED,"The second office on the same bill, three days after S222, which is what makes the bipartisan description checkable rather than asserted. Moylan verbatim: ""These are men and women who served our country, followed the process, and still ended up paying more because their disability rating came through after the fact. That's a gap in the system, and it's one we can fix. I'm proud to co-lead the VALOR Act with Congressman Mike Levin."" LIMITS: this release names the VALOR Act but NOT a bill number, and states no introduction date. Registered as corroboration of the co-lead and of the bill's purpose, not of H.R. 7598's number or timing.",
S224,"Review of the Fiscal Year 2027 Budget and 2028 Advance Appropriations Requests for the Department of Veterans Affairs, hearing page",U.S. Senate Committee on Veterans' Affairs,https://www.veterans.senate.gov/2026/5/review-of-the-fiscal-year-2027-budget-and-2028-advance-appropriations-requests-for-the-department-of-veterans-affairs,2026-05-20,2026-08-24,hearing,verified,VERIFIED,"The committee's own page for the May 20 2026 budget hearing. Fetched and read 2026-08-24. Establishes, from the committee itself: date Wednesday May 20 2026 at 4:00 PM, room Dirksen G50, and the witness list verbatim, ""The Honorable Douglas A. Collins, Secretary of Veterans Affairs"" with ""The Honorable Richard F. Topping, Assistant Secretary for Management and Chief Financial Officer, U.S. Department of Veterans Affairs"" as the accompanying official. WHY IT MATTERS: it primary-sources the SETTING for S225, so the quotation is anchored to a hearing that demonstrably happened with the official who is quoted in the room in that role. It does not source the WORDS. S225 does that, at its own tier. NAME CORRECTION CARRIED HERE: the archived watch.html gives 'Sam Topping' in one place and 'Richard Topping' in another. The committee's own page settles it: Richard F. Topping. Anything transferred from that archived page must be corrected.",
S225,"Asst. Sec. Richard Topping on the VA medical care account structure, SVAC budget hearing, May 20 2026","C-SPAN program 679573, transcript retained by the project",https://www.c-span.org/program/senate-committee/secy-doug-collins-testifies-on-veterans-affairs-priorities-budget/679573,2026-05-20,2026-08-24,hearing record,verified,VERIFIED,"QUOTED VERBATIM ON THE SITE, from the retained transcript: ""We always hear that direct care and community care and the facts are no one really knows because we do not track the data. The structure is a holdover from when we are primarily a direct care system... There are three primary costs: administrative costs, day-to-day operations; the contract cost, the fees we pay to contractors; the purchase pay cost is a reimbursement to providers. That is the only cost we actually show. The other two are co-mingled in other accounts... The account structure we propose for FY28 would break out a direct care cost vertical for the whole cost of care inside our medical centers and clinics... Right now based on the account structure, all I can tell you is it will cost more. We do not know what we are managing."" CONTEXT THE PAGE KEEPS: this is his answer to Chairman Moran asking what the benefits of the proposed account-structure reform are. He is arguing FOR the change. It is candour in support of a departmental request, not a slip. TIER, STATED PLAINLY. Local file: _CURRENT_DOCS\Transcripts_May19-20\SVAC_5-20-26_Collins_FY27Budget_FULL.md, whose header records ""Transcript pulled by Leann via C-SPAN transcript tool, pasted to Cowork session 5/23/26"". So the words are C-SPAN TRANSCRIPT-TOOL OUTPUT, pulled and retained by the project's author, who watched the hearing. THIS IS NOT THE CERTIFIED HEARING RECORD. A GPO-published transcript, when it appears, supersedes this row and the quotation should be re-checked against it. The SETTING is independently verified at S224. TIMESTAMP: approximate only. The file marks the passage ""opening Q&A with Chair Moran (~30 min in)"". No exact timestamp is claimed. The project's separate verbatim-verified file for this hearing, SVAC_5-20-26_Blumenthal_Collins_VERIFIED.md, covers 1:50:01 to 1:53:36 only, which is the Blumenthal exchange at S001 and a different part of the hearing. DO NOT MERGE WITH S198. That is the February 11 2026 exchange, three months earlier, where a member office reports that the CFO was unable to answer and does NOT quote him. Two different hearings. They are cited separately and the page keeps them separate. Fetch attempts 2026-08-24: c-span.org returned HTTP 402 and congress.gov returned ROBOTS_DISALLOWED to this project's fetcher, which is a statement about the fetcher and not about the hearing.",
S226,"Public Law 116-315, Johnny Isakson and David P. Roe, M.D. Veterans Health Care and Benefits Improvement Act of 2020",U.S. Government Publishing Office,https://www.govinfo.gov/content/pkg/PLAW-116publ315/html/PLAW-116publ315.htm,2021-01-05,2026-08-28,statute,verified,VERIFIED,"Fetched from GPO 2026-08-24; OPERATIVE TEXT OBTAINED 2026-08-28. Establishes the public law number and the enactment date of January 5 2021. LIMIT LIFTED 2026-08-28: the section text was read in full at this same URL using a browser, after four scripted routes had failed (GPO HTML and PDF both truncated before Title V, GovTrack 403, congress.gov robots). The document is 459,960 characters and SEC. 5107 begins at offset 344,328. Verbatim, section 5107 adds 38 U.S.C. 1709C: “The Secretary shall carry out a program to provide, subject to subsection (b), assistance to qualified veterans described in subsection (c) to obtain child care.” Subsection (d): “Not later than five years after the date of the enactment of the Deborah Sampson Act of 2020, the Secretary shall carry out the program at each medical center of the Department.” Title V of this law IS the Deborah Sampson Act of 2020 (SEC. 5001), so five years from the January 5 2021 enactment falls on January 5 2026, a DERIVED date and not one printed in the statute. THE STATUTE CONTAINS NO DOLLAR FIGURE in section 5107. SEARCHED 2026-09-01, corpus named: section 5107 of the GPO HTML at this URL, offsets 348258 to 357204, 8946 characters. The terms searched were the dollar sign, million, billion, sums, and authorized to be appropriated, and each returned ZERO occurrences. The string appropriat returned 7 occurrences and every one was read: all are the ordinary word appropriate or a citation to the Treasury and General Government Appropriations Act 2002 (Public Law 107-67), so the section carries no authorization of appropriations either. Positive controls child care 32 and 1709C 3; negative control 0; the dollar sign occurs 15 times elsewhere in the same law, so the instrument can find one. INSTRUMENT NOTE 2026-09-01: a plain urllib fetch of this same URL returned the full 465105 characters with SEC. 5107 at offset 348258, so the GPO HTML does NOT truncate by that route. The 2026-08-28 truncation recorded above was a fact about the tool used then, not about the document (P11). The $22 million, the $1 million and the 58 percent remain Sen. Murray's hearing account. The standard is “each medical center”, not the thirteen sites she describes as funded.",
S227,"Sec. Collins with Sen. King and Sen. Duckworth on privatization, SVAC budget hearing, May 20 2026","C-SPAN program 679573, transcript retained by the project",https://www.c-span.org/program/senate-committee/secy-doug-collins-testifies-on-veterans-affairs-priorities-budget/679573,2026-05-20,2026-08-24,hearing record,verified,VERIFIED,"Same hearing and same retained transcript as S225, at the same tier, and the tier note at S225 applies here in full: C-SPAN transcript-tool output pulled and kept by the project's author, NOT the certified hearing record, superseded by the GPO transcript when it appears. File: _CURRENT_DOCS\Transcripts_May19-20\SVAC_5-20-26_Collins_FY27Budget_FULL.md. Timestamps in that file are approximate ranges, King at about 1:14 to 1:23 and Duckworth at about 1:38 to 1:43, and are not published as exact. QUOTED ON THE SITE. King: ""Can you tell me for the record point-blank there is no intention to gradually privatize V.A. health care?"" Collins: ""There is no intention to gradually, to accelerate, to decelerate, there is no intention to privatize at all."" Duckworth: ""You are increasing the budget significantly for privatization."" Collins: ""We pay over twice as much in direct care than community care. We are following the law. Are you asking me to break the law? Do you not want me to follow the Mission Act?"" DELIBERATELY NOT PUBLISHED, and this is a scope decision not an oversight: the Duckworth budget-comparison table in that transcript file, giving Independent Budget recommendations against the request, and the King workforce figures of roughly 35,000 and 15,000 positions. Those are members' prepared comparisons and this project has checked them against neither the Independent Budget nor the budget request. They may be right. They are not sourced here. WHAT THE PAGE CLAIMS: only that a ratio between two lines was cited at the same hearing at which the Department's own CFO described those lines as co-mingled in the accounts, so the ratio cannot be checked from those accounts. THE PAGE TAKES NO POSITION ON WHETHER THE DEPARTMENT IS PRIVATISING. That is a contested policy question which this accounting testimony does not settle in either direction, and the page says so in its own words. GUARD NOTE, added after the negative-claims check flagged this row: the string ""there is no"" appears in this note only INSIDE THE SECRETARY'S QUOTED WORDS, ""there is no intention to privatize at all"". It is not an absence asserted by this project. The one absence this row does assert is that the Duckworth budget-comparison table and the King workforce figures were kept OFF the published page. Verified by searching the built oversight page for each of: 19.4, 6.3%, 35,000, 15,000 lost, Independent Budget. All five absent.",
S228,"Document repository for the House Veterans' Affairs Committee legislative hearing of May 20 2026, EventID 119305","U.S. House of Representatives, docs.house.gov",https://docs.house.gov/Committee/Calendar/ByEvent.aspx?EventID=119305,2026-05-20,2026-08-24,committee document,verified,VERIFIED,"The committee's own document repository for the hearing. Fetched and read 2026-08-24. NINETEEN bill numbers appear: H.R. 6733, 6580, 6599, 6583, 6549, 6740, 6764, 6904, 6843, 6833, 2303, 210, 3183, 5203, 4114, 3869, 2722, 1391, 8044. NEGATIVE FINDING WITH ITS SEARCHES NAMED: this agenda was searched for each of H.R. 1732, H.R. 4876, H.R. 6755 and H.R. 6861. NONE OF THE FOUR APPEARS ON IT. The search was of this docs.house.gov event page only, on 2026-08-24. WHAT THIS ROW DOES AND DOES NOT ESTABLISH: it establishes what the FINAL agenda contained. IT DOES NOT ESTABLISH THAT ANY BILL WAS REMOVED, because this project has not obtained a dated earlier version of the calendar listing to compare against. The removal rests on what members said at the hearing, carried at S229 and labelled as testimony on the page. Hearing page: https://veterans.house.gov/calendar/eventsingle.aspx?EventID=7907",
S229,"House Veterans' Affairs Committee legislative hearing, May 20 2026, remarks of Rep. Takano, Rep. Brownley and Kristina Keenan of the VFW","House Committee on Veterans' Affairs, hearing video, transcript retained by the project",https://veterans.house.gov/calendar/eventsingle.aspx?EventID=7907,2026-05-20,2026-08-24,hearing record,verified,VERIFIED,"Full Committee legislative hearing, Wednesday May 20 2026, 10:15 AM, 360 Cannon. Local file: _CURRENT_DOCS\Transcripts_May19-20\HVAC_5-20-26_LegislativeHearing_FULL.md, pulled from the hearing stream and retained by the project's author, who watched it. TIER: retained transcript, NOT the certified hearing record, superseded by the printed transcript when it appears. PROVENANCE NOTE THAT WILL RECUR ON EVERY 2026 HVAC HEARING, from Leann 2026-08-24: THE HVAC MAJORITY AND MINORITY NOW RUN SEPARATE YOUTUBE CHANNELS, so a single hearing legitimately carries TWO video addresses, and a viewer can be redirected between them. The transcript file lists both youtu.be/SiXAagTOA8w and youtu.be/bAlZPf0t9rs and both were checked when the file was made. TWO URLS FOR ONE HEARING IS NOT A CONTRADICTION AND IS NOT A REASON TO HOLD THE SOURCE. An earlier session treated it as one; that was wrong. The committee event page is used as the stable citation. QUOTED ON THE SITE. Brownley: ""I'm disappointed that my bill HR4876, the Reproductive Freedom for Veterans Act, was removed from today's legislative hearing."" Takano, on the GUARD VA Benefits Act: ""earlier this year, VFW testified in support of the Guard VA Act, which has been a priority for several years. Unfortunately, that bill was also removed from the agenda."" Keenan, VFW Director of National Legislative Service: ""we the VFW strongly want to see the Guard Act move forward. And every day that it doesn't, you know, unaccredited claim sharks continue to exploit veterans and their benefits."" NOT PUBLISHED FROM THIS FILE: Takano's wider fiscal argument and the witness roster, which are separate builds.",
S230,"Veteran Homelessness Programs: Opportunities to Improve Data Collection and Establish an Evaluation Plan, GAO-26-107517",U.S. Government Accountability Office,https://www.gao.gov/products/gao-26-107517,2026-03-30,2026-08-24,oversight report,verified,VERIFIED,"Fetched and read 2026-08-24 from gao.gov. QUOTED VERBATIM ON THE SITE: ""174,045 instances of veterans not being referred to the program in 2020-2024, VA did not document the reason in 151,296 (87 percent)."" The program is HUD-VASH. ALSO IN THE REPORT and published here: in fiscal year 2024 more than a quarter of VA medical centers with multiple case managers had at least 20 percent of those positions unfilled, and annual case-manager turnover ran 20 to 26 percent across the period. Two recommendations for executive action, one to VA on collecting reasons for non-referral and one to HUD on the Tribal HUD-VASH pilot; both open at the time of reading. PRECISION THAT MATTERS AND CORRECTS AN EARLIER PROJECT PAGE: GAO counts INSTANCES OF NON-REFERRAL, not individual veterans. One veteran can account for more than one instance. The archived fiscal-dashboard.html said ""174,000 homeless veterans not referred"", which converts a count of events into a count of people. THE SITE USES GAO'S WORDING. Do not restate this as a number of veterans. PROVENANCE OF THE CORRECTION: the figure reached this project through fiscal-dashboard.html in the LOCAL CLONE at C:\Users\leann\GitHub\va-foreclosure-advocacy, not through the export v11 folder that the transfer plan's table named. The plan has been corrected.",
S231,"H.R. 2102, Major Richard Star Act, as introduced in the House","U.S. Government Publishing Office, govinfo",https://www.govinfo.gov/content/pkg/BILLS-119hr2102ih/html/BILLS-119hr2102ih.htm,2025-03-14,2026-08-28,bill text,verified,VERIFIED,"Bill text captured from govinfo 2026-08-28 as BILLS-119hr2102ih.xml, 19,994 bytes, sha256 58DC7D3F5DDDD034EA7FCF9E73FEBF47A69FCCE528FF81E027BCBBA56FFC4DF7, retained at 04_Website\VFC_Receipt_HR2102_BILLS-119hr2102ih_captured-2026-08-28.xml. Short title, Sec. 1 verbatim: This Act may be cited as the 'Major Richard Star Act'. Introduced 2025-03-14, sponsor Rep. Bilirakis. Sec. 2(b) rewrites 10 U.S.C. 1414(b), striking the 20-year service bar in current law. THIS IS THE STANDALONE BILL AND IT IS NOT THE TCAVA SECTION: TCAVA H.R. 9237 Sec. 101 (S206) carries a 20-year-equivalent cap that this bill does not. Never cite the Major Richard Star Act without saying which one. Measured against this capture 2026-08-28, negative control returning zero: ""less than 20 years"" 0, ""fewer than 20 years"" 0, ""loan"" 0, ""mortgage"" 0, ""foreclos"" 0; ""1414"" 6, ""5304"" 5, ""5305"" 5.",
S232,"12 CFR 1024.40, Continuity of contact (Regulation X)",Consumer Financial Protection Bureau,https://www.consumerfinance.gov/rules-policy/regulations/1024/40/,2014-01-10,2026-08-30,regulation,verified,VERIFIED,"Read 2026-08-30 from the CFPB's own published copy of Regulation X, which the Bureau writes and administers. RETRIEVAL, named because a zero here would otherwise look like an absence (P11): the eCFR canonical URL ecfr.gov/current/title-12/chapter-X/part-1024/subpart-C/section-1024.40 answered this fetcher with a 302 to unblock.federalregister.gov, a bot wall, which says nothing about the regulation and is not a finding about it. TIERS, and they must travel with any use: paragraph (a) came back VERBATIM and its three subparagraphs are quoted word for word on the page. Paragraph (b) came back SUMMARISED by the fetch, so its four duties are described in this project's own words and are NOT presented as a quotation. Before quoting (b) anywhere, read it from the primary text. pub_date is the Mortgage Servicing Final Rule effective date of January 10 2014, not the date of any later amendment; check the version note before citing this as the current text in a filing.",
S233,"House Republicans Rollout VA Home Loan Affordability Bill for Veterans, Servicemembers, and their Families",U.S. House Committee on Veterans' Affairs,https://veterans.house.gov/news/documentsingle.aspx?DocumentID=7899,2026-04-29,2026-08-30,press release,verified,VERIFIED,"Committee press page, DocumentID 7899, read 2026-08-30 by Leann in a browser and supplied verbatim. RETRIEVAL, named because two routes failed from the workspace and a blocked fetch is a fact about the instrument, not about the page (P11): veterans.house.gov returned HTTP 403 to WebFetch, and web.archive.org is unreachable from this environment. WHAT IT ESTABLISHES: the release carries the line 'The VA Home Loan Affordability Act is supported by the following key stakeholders' followed by statements attributed to Rocket Mortgage and to Freedom Mortgage, both quoted in corporate capacity on the Committee's own page. This closes the 'FM-as-supporter UNVERIFIED, do not assert under oath' caution carried since 2026-08-22. Sponsors as printed: Rep. Derrick Van Orden lead, with Chairman Mike Bost, Rep. Juan Ciscomani, Rep. Tom Barrett and Rep. Jen Kiggans. DATE DISTINCTION, DO NOT COLLAPSE: this page is dated April 29 2026 and says 'today ... introduced'. The INTRODUCTION date on the site is April 27 2026, sourced to S199, the govinfo bill print read in full 2026-08-23. The introduction and the public rollout are two different events, the same way the sale date, the instrument date and the recording date are three different things. April 27 stands; do not 'correct' it to this page's date.",
S234,"VA Home Loan Affordability Act, sponsor's one-pager and committee bill print","Office of Rep. Derrick Van Orden, House Committee on Veterans' Affairs Republicans",https://republicans-veterans.house.gov/UploadedFiles/One_Pager-_VA_Home_Loan_Affordability_Act_FINAL.pdf,2026-04-29,2026-08-30,bill text,verified,VERIFIED,"Both documents supplied by Leann 2026-08-30 from the links on the Committee rollout page (S233) and filed as receipts: 04_Website\VFC_Receipt_HR8532_OnePager_captured-2026-08-30.pdf, 334,306 bytes, sha256 09f92850b1f3521e; and 04_Website\VFC_Receipt_HR8532_BillText_captured-2026-08-30.pdf, 53,596 bytes, sha256 7746b968b79d08c1. ONE-PAGER FIGURES, attributed to it and not independently verified: VA has identified 436 counties across 31 states without enough certified appraisers; appraiser certification currently 3 to 5 years, matched by the bill to state licensure at 12 to 18 months. DISCREPANCY BETWEEN THE SUMMARY AND THE OPERATIVE TEXT, both verbatim: the one-pager says the bill would 'cap seller concessions at 6% to match FHA standards for nonveterans'; SEC. 2(d)(3) of the bill print adds 38 U.S.C. 3710(b)(10) reading 'the seller fees actually paid by the veteran do not exceed six percent of the outstanding balance of the loan.' A seller concession is paid by the seller toward the buyer's costs; the operative text limits fees paid BY THE VETERAN. Different quantities. No intent asserted; a one-pager is a summary and only enacted text governs. THIRD DATE: the bill print carries the drafting stamp 'April 23, 2026 (9:24 a.m.)'. Introduction is 2026-04-27 per S199. Rollout is 2026-04-29 per S233. Drafted, introduced, announced are three events; do not collapse them.",
S235,"38 U.S.C. 3704(d), Restrictions on loans and lenders","Office of the Law Revision Counsel, U.S. House of Representatives",https://uscode.house.gov/view.xhtml?req=granuleid:USC-prelim-title38-section3704,1974-01-01,2026-08-25,statute,verified,VERIFIED,"Read 2026-08-25 from two independent sources agreeing verbatim, uscode.house.gov prelim edition and govregs.com. Amendment notes: 1989 substituted Secretary for Administrator; 1974 struck a cross-reference; 1970 added the notice-and-hearing clause; 1959 added the FHA-debarment leg. NO SUBSTANTIVE AMENDMENT SINCE 1974, which is why pub_date is recorded as that year rather than a publication date. SCOPE, and it is the point: the STATUTE reaches a 'lender or holder'. The regulation at S236 reaches a SERVICER by name. Cited in both the 2023 and 2024 moratorium circulars, at the OVERSIGHT paragraph and not at the moratorium paragraph. INSTRUMENT NOTE: this was fetched through WebFetch, which is a different instrument from a scripted fetch inside the container; VFC_SETTLED's line about House domains being unreachable describes the latter and is not contradicted.",
S236,"38 C.F.R. 36.4336, Oversight of servicing",Electronic Code of Federal Regulations,https://www.ecfr.gov/current/title-38/chapter-I/part-36/subpart-B/section-36.4336,2021-05-28,2026-08-25,regulation,verified,VERIFIED,"Fetched from the eCFR canonical URL 2026-08-25. CURRENCY DATE SHOWN ON THE PAGE: August 21 2026. Source note 86 FR 28708, May 28 2021, unchanged since, which is the pub_date recorded here. Its own authority line reads (Authority: 38 U.S.C. 3703, 3704(d), 3720). Quoted verbatim at (a): whenever the Secretary finds that any servicer has failed to maintain adequate loan accounting records, or to demonstrate proper ability to service loans adequately or to exercise proper credit judgment or has willfully or negligently engaged in practices otherwise detrimental to the interest of veterans or of the Government, the Secretary may refuse either temporarily or permanently to guarantee or insure any loans made by such servicer and may bar such servicer from servicing or acquiring guaranteed loans. SCOPE LIMIT AND IT MUST TRAVEL: this is a bar-and-refuse power over a servicer's future participation. It is NOT a power to order a moratorium, and neither circular claims one.",
S237,"Cox v. SNAP, Inc., 859 F.3d 304 (4th Cir. 2017)","U.S. Court of Appeals for the Fourth Circuit, via GovInfo",https://www.govinfo.gov/app/details/USCOURTS-ca4-16-02166/USCOURTS-ca4-16-02166-0,2017-06-13,2026-08-31,case,verified,VERIFIED,"Prevention doctrine. The Fourth Circuit held that where a party materially contributes to the non-occurrence of a condition precedent by FAILING TO BRING IT ABOUT, the condition is excused; the court rejected the argument that the doctrine reaches only affirmative obstruction. NOT A VETERANS OR MORTGAGE CASE. It is a contract dispute over stock options, cited here as general authority. Applying it to 38 U.S.C. 3720(h) is this project's reading and is labelled ANALYSIS on the page, not a holding about the VA. Verified 2026-08-31 against GovInfo, not against the research memo it was first found in.",
S238,"Louisiana Public Service Commission v. FCC, 476 U.S. 355 (1986)","Supreme Court of the United States, U.S. Reports via Library of Congress",https://www.loc.gov/item/usrep476355,1986-06-16,2026-08-31,case,verified,VERIFIED,"An agency has no power to act unless Congress confers it. Verbatim: an agency LITERALLY HAS NO POWER TO ACT, let alone pre-empt the validly enacted legislation of a sovereign State, unless and until Congress confers power upon it. NOT A VETERANS CASE. It is a telecommunications pre-emption case, cited here as general administrative-law authority. Verified 2026-08-31 against the Library of Congress U.S. Reports scan.",
S239,"38 CFR 36.4302, Computation of guaranties or insurance credits","U.S. Government Publishing Office, govinfo, Code of Federal Regulations",https://www.govinfo.gov/content/pkg/CFR-2024-title38-vol2/xml/CFR-2024-title38-vol2-sec36-4302.xml,2024-07-01,2026-09-02,regulation,verified,VERIFIED,"Read from the govinfo primary text 2026-09-02. Subsection (a)(4) verbatim: The lesser of $60,000 or 25 percent of the original principal loan amount where the loan amount exceeds $144,000. THE THRESHOLD IS LOAD-BEARING and is omitted in several secondary summaries including the 2026-06-26 accountability brief this row was registered for; stated without it the sentence is wrong for loans at or below $144,000. Establishes that the VA guaranty is not a full-loss guarantee, which is why a servicer's choice between loss mitigation and foreclosure is a business decision rather than a neutral one. INSTRUMENT NOTE (11.3): ecfr.gov was tried first on 2026-09-02 and redirected to unblock.federalregister.gov, a bot block. That is a fact about the fetch route, not about the regulation (P11).",
S240,"Consolidated Appropriations Act 2024, Division A, Title II, Veterans Benefits Administration administrative expenses (P.L. 118-42)",U.S. Government Publishing Office,https://www.govinfo.gov/app/details/PLAW-118publ42,2024-03-09,2026-09-02,statute,verified,VERIFIED,"The FY2024 enacted administrative-expenses level for the direct and guaranteed loan programs, $316,742,419, used as the prior-year baseline against the FY2026 enacted $266,736,842 at P.L. 119-37 Div. D. Difference re-derived in Python 2026-09-02: $50,005,577, 15.79 percent, rounds to 15.8. LIMIT STATED WITH THE FIGURE: FY2025 was not separately enacted for this line. It is the FY2024 level carried forward by the full-year continuing resolution P.L. 119-4, which is well supported but is an inference and publishes as one.",
S241,Housing Programs: Increased Use of Alternatives to Foreclosure Could Reduce VA's Losses (GAO RCED-90-4),U.S. Government Accountability Office,https://www.gao.gov/products/rced-90-4,1989-12-20,2026-09-02,report,verified,VERIFIED,"Issued 1989-12-20, publicly released 1990-01-16, 68 pages. Read from GAO's own product page 2026-09-02. GAO reviewed VA's loan termination process and recommended VA develop cost analyses identifying the costs of loan termination alternatives, to reduce the cost of the Home Loan Guaranty Program. THE NUANCE TRAVELS WITH THE CITATION AND IS NOT OPTIONAL: both recommendations were later CLOSED AS NOT IMPLEMENTED, after Congress passed H.R. 901 barring VA from holding veterans responsible for losses on defaulted VA loans, which GAO recorded as making the recommendations inapplicable. So the honest claim is that the finding is 37 years old, NOT that VA ignored a live recommendation. A source document in this project framed it as 'the VA was told this 36 years ago', which is true about the finding and would be wrong about the recommendations.",
S242,"Ginnie Mae MBS Loan Liquidation file layout and monthly disclosure files, llmonliq",Government National Mortgage Association (Ginnie Mae),https://www.ginniemae.gov/data_and_reports/disclosure_data/Pages/disclosurehistoryfiles.aspx,2026-06-30,2026-09-02,dataset,verified,VERIFIED,"The monthly loan liquidation files and their layout, held locally at COUNT_BUILD/GinnieMae/raw. Layout PDF read 2026-09-02, Removal Reason Code verbatim: 1 = Mortgagor Payoff, 2 = Repurchase of Delinquent Loan, 3 = Foreclosure with Claim Payment, 4 = Loss Mitigation, 5 = Substitution, 6 = Other Removal. Reason 3 is the completed-foreclosure measure used on this site. RE-DERIVED 2026-09-02 from era_series_agency.csv and llmon2_delinq_by_agency.csv, June 2026: VA 946 completions against 76,814 loans 90+ days delinquent, 1.232 percent; FHA 1,655 against 398,945, 0.415 percent; ratio 2.969. These figures were first recorded 2026-08-09, inside a period Leann has identified as producing unreliable output, and they were re-derived independently before publication rather than trusted. LIMITATION PUBLISHED WITH THE FIGURE: these are point-in-time June 2026 stocks, not a normalised series across book size.",
S243,"38 U.S.C. 3701(b), definition of veteran for the home loan program","Office of the Law Revision Counsel, U.S. Code, via GPO govinfo",https://www.govinfo.gov/content/pkg/USCODE-2023-title38/html/USCODE-2023-title38-partIII-chap37-subchapI-sec3701.htm,2023-01-03,2026-09-02,statute,verified,VERIFIED,"Read at govinfo 2026-09-02. For chapter 37, the home loan chapter, the word veteran is defined more broadly than in ordinary use. Verbatim, 3701(b)(4) includes ""an individual serving on active duty"". 3701(b)(5) includes a person with at least six years in the Selected Reserve who was discharged honorably, or discharged earlier for a service-connected disability. 3701(b)(7) includes a person who performed full-time National Guard duty for at least 90 cumulative days including 30 consecutive days. 3701(b)(2) and (b)(6) include surviving spouses in defined circumstances. WHY THIS IS REGISTERED: the site described the loan fee increase and the Guard and Reserve surcharge without ever saying who is eligible for the benefit in the first place, so a reader had no way to know that people currently serving are inside this. The strings National Guard and currently serving appeared zero times across the site before 2026-09-02.",
S244,"Powers v. McDonough, No. 2:22-cv-08357 (C.D. Cal.), veterans housing at the West Los Angeles VA campus","U.S. District Court for the Central District of California, via Public Counsel and the Civil Rights Litigation Clearinghouse",https://clearinghouse.net/case/45718/,2022-11-15,2026-09-02,litigation,verified,VERIFIED,"THIS IS NOT A FORECLOSURE CASE AND MUST NEVER BE CITED AS ONE. Fourteen unhoused disabled veterans sued the VA Secretary in November 2022 under the Rehabilitation Act over housing at the West Los Angeles VA campus. Represented by Public Counsel. Judge David O. Carter, after a bench trial, ordered the VA to build permanent and temporary supportive housing on the campus. WHY IT IS REGISTERED HERE, and it is one holding only: the court found the VA's housing policy discriminated against disabled veterans BY COUNTING DISABILITY PAYMENTS AS INCOME, which kept the veterans most in need from qualifying. That is the same mechanism this site already documents in a different program, where VA disability compensation counted as income disqualified veterans from the Homeowner Assistance Fund. A federal court has found that mechanism discriminatory in a VA housing context. IT IS CITED FOR THAT PARALLEL AND NOTHING WIDER. STATUS NOTE: recorded as verified because the existence, parties, court and the disability-income holding are each confirmed by two independent sources, the Civil Rights Litigation Clearinghouse and counsel of record. The opinion itself is still unread and the row says so. PROVENANCE: read 2026-09-02 from the Clearinghouse case page and Public Counsel's own account. THE COURT'S OWN OPINION HAS NOT BEEN READ. Appellate history exists and has not been checked. Read the opinion before citing this in any filing. It reached this project inside an April 2026 action kit that framed it as Public Counsel litigating the foreclosure crisis, which is wrong; that framing is corrected here.",
S245,"Hearing transcript, HVAC Subcommittee on Economic Opportunity, March 26 2026, ""Kitchen Table Issues: Lowering Costs for Veteran Families Through the VA Home Loan Program""",U.S. House Committee on Veterans' Affairs,https://docs.house.gov/meetings/VR/VR10/20260326/119104/HHRG-119-VR10-Transcript-20260326.pdf,2026-03-26,2026-09-04,hearing record,verified,VERIFIED,"Final Printed Hearing, the official record. Scanned PDF with no text layer, so it was read by rendering pages at 170 dpi, not by text extraction; a plain search of this file returns zero and that is an instrument fact, not an absence. PRINTED PAGE 11, Mr. VAN ORDEN, verbatim: ""If that is in your power, I need to know that. Then I want your word if you can do that."" THE SHORT FORM ""I want your word"" IS A TRUNCATION AND DOES NOT PUBLISH: he framed the ask as conditional and the fragment quotes him demanding something he did not demand. Same page, the bill's own lead sponsor on the timeline: ""I am not happy at all with the fact that it is going to be June before partial claims is done. That timeline is too long."" Zondervan gives no answer; the transcript moves straight to the next round. Witness is PATRICK Zondervan, Executive Director, Loan Guaranty Service. There is no John Zondervan.",
S246,"H. Rept. 119-707, Committee on Rules, to accompany H. Res. 1377, record vote No. 369 on the Takano amendment to H.R. 9237","U.S. House Committee on Rules, via GPO govinfo",https://www.govinfo.gov/content/pkg/CRPT-119hrpt707/pdf/CRPT-119hrpt707.pdf,2026-06-23,2026-09-04,committee report,verified,VERIFIED,"Printed page 4, Rules Committee record vote No. 369, DEFEATED 4 to 8, with the full roll printed by name. Motion by Mr. McGovern to make in order Takano amendment #4, which would have replaced H.R. 9237 with the Major Richard Star Act ""using Department of Defense funds from the Republicans' One Big Beautiful Bill Act as the offset."" CORRECTS THE SITE-GAPS FILE, which dated this July 16 2026: the Rules vote was JUNE 23. July 16 was the floor motion to recommit, roll call 249, failed 210 to 211, which is S040. Rules met on H.R. 9237 only on June 23 and July 13; H. Rept. 119-749 from the July 13 meeting contains no Takano offset motion. THE WORD ""UNOBLIGATED"" IS NOT IN THIS RECORD and must not be attributed to Rules; its only occurrence in the 34 page report is an unrelated amendment about drought funds.",
S247,Blumenthal statement on House Republican failure to advance the Take Care of America's Veterans Act,"U.S. Senate Committee on Veterans' Affairs, Minority",https://www.veterans.senate.gov/2026/7/blumenthal-statement-on-house-republican-failure-to-advance-the-take-care-of-america-s-veterans-act,2026-07-16,2026-09-04,congressional statement,verified,VERIFIED,"The only primary located for the word ""unobligated"": ""a small portion of the nearly $100 billion in unobligated and unspent funds appropriated to the Department of Defense in H.R. 1."" THIS IS A MEMBER'S CHARACTERISATION OF THE MOTION, NOT THE MOTION'S OWN TEXT, and any use of ""unobligated"" cites this row and not the Rules report. Also states ""Three House Republicans voted with 207 House Democrats,"" which reconciles with roll call 249's 210 yeas.",
